Cluster,Timestep_1,Timestep_2,Timestep_3,Timestep_4,Timestep_5,Timestep_6,Timestep_7,Timestep_8,Timestep_9,Timestep_10,Timestep_11,Timestep_12,Timestep_13,Timestep_14,Timestep_15,Timestep_16,Timestep_17,Timestep_18,Timestep_19,Timestep_20,Timestep_21,Timestep_22,Timestep_23,Timestep_24,Timestep_25,Timestep_26,Timestep_27,Timestep_28,Timestep_29,Timestep_30,Timestep_31,Timestep_32,Timestep_33,Timestep_34,Timestep_35,Timestep_36,Timestep_37,Timestep_38,Timestep_39,Timestep_40,Timestep_41,Timestep_42,Timestep_43,Timestep_44,Timestep_45,Timestep_46,Timestep_47,Timestep_48,Timestep_49,Timestep_50,Timestep_51,Timestep_52,Timestep_53,Timestep_54,Timestep_55,Timestep_56,Timestep_57,Timestep_58,Timestep_59,Timestep_60,Timestep_61,Timestep_62,Timestep_63,Timestep_64,Timestep_65,Timestep_66,Timestep_67,Timestep_68,Timestep_69,Timestep_70,Timestep_71,Timestep_72,Timestep_73,Timestep_74,Timestep_75,Timestep_76,Timestep_77,Timestep_78,Timestep_79,Timestep_80,Timestep_81,Timestep_82,Timestep_83,Timestep_84,Timestep_85,Timestep_86,Timestep_87,Timestep_88,Timestep_89,Timestep_90,Timestep_91,Timestep_92,Timestep_93,Timestep_94,Timestep_95,Timestep_96,Timestep_97,Timestep_98,Timestep_99,Timestep_100,Timestep_101,Timestep_102,Timestep_103,Timestep_104,Timestep_105,Timestep_106,Timestep_107,Timestep_108,Timestep_109,Timestep_110,Timestep_111,Timestep_112,Timestep_113,Timestep_114,Timestep_115,Timestep_116,Timestep_117,Timestep_118,Timestep_119,Timestep_120,Timestep_121,Timestep_122,Timestep_123,Timestep_124,Timestep_125,Timestep_126,Timestep_127,Timestep_128,Timestep_129,Timestep_130,Timestep_131,Timestep_132,Timestep_133,Timestep_134,Timestep_135,Timestep_136,Timestep_137,Timestep_138,Timestep_139,Timestep_140,Timestep_141,Timestep_142,Timestep_143,Timestep_144,Timestep_145,Timestep_146,Timestep_147,Timestep_148,Timestep_149,Timestep_150,Timestep_151,Timestep_152,Timestep_153,Timestep_154,Timestep_155,Timestep_156,Timestep_157,Timestep_158,Timestep_159,Timestep_160,Timestep_161,Timestep_162,Timestep_163,Timestep_164,Timestep_165,Timestep_166,Timestep_167,Timestep_168,Timestep_169,Timestep_170,Timestep_171,Timestep_172,Timestep_173,Timestep_174,Timestep_175,Timestep_176,Timestep_177,Timestep_178,Timestep_179,Timestep_180,Timestep_181,Timestep_182,a0,amplitude1,phase1,amplitude2,phase2,amplitude3,phase3
0,-10021.732,-10021.732,-10021.732,-10021.732,-10021.732,-10021.732,-10021.732,-10021.732,-10021.732,-10021.732,-10021.732,-10021.732,-10021.732,-10021.732,-10021.732,-10021.732,-10021.732,-10021.732,-10021.732,-10021.732,-10021.732,-10021.732,-10021.732,-10021.732,-10021.732,-10021.732,-10021.732,-10021.732,-10021.732,-10021.732,-10021.732,-10021.732,-10021.732,-10021.732,-10021.732,-10021.732,-10021.732,-10021.732,-10021.732,-10021.732,-10021.732,-10021.732,-10021.732,-10021.732,-10021.732,-10021.732,-10021.732,-10021.732,-10021.732,-10021.732,-10021.732,-10021.732,-10021.732,-10021.732,-10021.732,-10021.732,-10021.732,-10021.732,-10021.732,-10021.732,-10021.732,-10021.732,-10021.732,-10021.732,-10021.732,-10021.732,-10021.732,-10021.732,-10021.732,-10021.732,-10021.732,-10021.732,-10021.732,-10021.732,-10021.732,-10021.732,-10021.732,-10021.732,-10021.732,-10021.732,-10021.732,-10021.732,-10021.732,-10021.732,-10021.732,-10021.732,-10021.732,-10021.732,-10021.732,-10021.732,-10021.732,-10021.732,-10021.732,-10021.732,-10021.732,-10021.732,-10021.732,-10021.732,-10021.732,-10021.732,-10021.732,-10021.732,-10021.732,-10021.732,-10021.732,-10021.732,-10021.732,-10021.732,-10021.732,-10021.732,-10021.732,-10021.732,-10021.732,-10021.732,-10021.732,-10021.732,-10021.732,-10021.732,-10021.732,-10021.732,-10021.732,-10021.732,-10021.732,-10021.732,-10021.732,-10021.732,-10021.732,-10021.732,-10021.732,-10021.732,-10021.732,-10021.732,-10021.732,-10021.732,-10021.732,-10021.732,-10021.732,-10021.732,-10021.732,-10021.732,-10021.732,-10021.732,-10021.732,-10021.732,-10021.732,-10021.732,-10021.732,-10021.732,-10021.732,-10021.732,-10021.732,-10021.732,-10021.732,-10021.732,-10021.732,-10021.732,-10021.732,-10021.732,-10021.732,-10021.732,-10021.732,-10021.732,-10021.732,-10021.732,-10021.732,-10021.732,-10021.732,-10021.732,-10021.732,-10021.732,-10021.732,-10021.732,-10021.732,-10021.732,-10021.732,-10021.732,-10021.732,-10021.732,-10021.732,-10021.732,0.22593103,0.16207537,-10021.732,-10021.732,-10021.732,-10021.732,-10021.732,-10021.732,-10021.732
1,-0.33472687,-0.34767,-0.368733,-0.38379166,-0.37520507,-0.38661155,-0.4100876,-0.4271006,-0.42863664,-0.4323573,-0.44936693,-0.45592654,-0.45842415,-0.46917233,-0.4818571,-0.50020635,-0.49483636,-0.47653696,-0.44978917,-0.37832507,-0.25504643,-0.14042248,-0.033402264,-30.853685,0.043955494,-92.63689,-123.56217,-440.17654,-540.6095,-0.23657605,-0.3061499,-0.31660572,-0.3305553,-0.34358564,-0.34784603,-0.3529628,-0.3674552,-0.38453078,-0.4237965,-0.42000163,-0.43642035,-0.4269673,-0.4417254,-0.46570346,-0.4754843,-0.49180624,-0.5057069,-0.5095918,-0.52137876,-0.52683944,-0.5178365,-0.52517456,-0.51362365,-0.4721804,-0.4262847,-0.3733878,-0.25867134,-0.13269433,-0.020975051,-30.835289,0.073401935,-92.58851,-123.50533,-440.13324,-540.6054,-0.20755601,-0.27925512,-0.29082546,-0.3184356,-0.3400577,-0.35211277,-0.35952502,-0.56957066,-0.5805843,-0.5913201,-0.5691432,-0.57942796,-0.5937731,-0.60331357,-0.6073663,-0.61467594,-0.6370965,-0.6556637,-0.6523791,-0.64437705,-0.6577483,-0.6567081,-0.6574157,-0.61687785,-0.55218446,-0.47279406,-0.37597582,-0.28149343,-0.20505418,-0.1553126,-31.018568,-0.11767911,-92.752174,-123.68468,-440.3053,-540.7469,-0.3368831,-0.38601205,-0.42460865,-0.46669713,-0.510289,-0.5410088,-0.5602089,-0.902768,-0.9116817,-0.9104084,-0.8959986,-0.89555174,-0.8905414,-0.8850429,-0.8772915,-0.8798649,-0.8800297,-0.8749276,-0.8750657,-0.8831144,-0.8761157,-0.8545557,-0.83608526,-0.8009737,-0.7564701,-0.7088891,-0.6681533,-0.6410593,-0.6340252,-0.6522584,-31.557909,-0.67657703,-93.31726,-124.19166,-440.76166,-541.1442,-0.6583531,-0.6941236,-0.80922955,-0.8274853,-0.8762095,-0.9003399,-0.9081997,-0.48935175,-0.4996894,-0.5100959,-0.51679766,-0.5225167,-0.5341519,-0.54448974,-0.56053334,-0.5835119,-0.60089856,-0.60508955,-0.6060774,-0.59966105,-0.5941345,-0.59513175,-0.59614336,-0.5919371,-0.57014227,-0.5321303,-0.45705009,-0.35589623,-0.25826985,-0.177438,-30.946098,-0.011318141,-92.6804,-123.61341,-440.2122,-540.6955,-0.2940826,-0.3555894,-0.39806873,-0.42978752,-0.45301777,-0.47048265,-0.49287155,-0.6409062,0.05722572,-0.201362,-0.21069056,0.5490976,-0.25496525,-0.617372,-0.37887368,0.060018137
2,-9986.12,-9986.12,-9986.12,-9986.12,-9986.12,-9986.12,-9986.12,-9986.12,-9986.12,-9986.12,-9986.12,-9986.12,-9986.12,-9986.12,-9986.12,-9986.12,-9986.12,-9986.12,-9986.12,-9986.12,-9986.12,-9986.12,-9986.12,-9986.12,-9986.12,-9986.12,-9986.12,-9986.12,-9986.12,-9986.12,-9986.12,-9986.12,-9986.12,-9986.12,-9986.12,-9986.12,-9986.12,-9986.12,-9986.12,-9986.12,-9986.12,-9986.12,-9986.12,-9986.12,-9986.12,-9986.12,-9986.12,-9986.12,-9986.12,-9986.12,-9986.12,-9986.12,-9986.12,-9986.12,-9986.12,-9986.12,-9986.12,-9986.12,-9986.12,-9986.12,-9986.12,-9986.12,-9986.12,-9986.12,-9986.12,-9986.12,-9986.12,-9986.12,-9986.12,-9986.12,-9986.12,-9986.12,-9986.12,-9986.12,-9986.12,-9986.12,-9986.12,-9986.12,-9986.12,-9986.12,-9986.12,-9986.12,-9986.12,-9986.12,-9986.12,-9986.12,-9986.12,-9986.12,-9986.12,-9986.12,-9986.12,-9986.12,-9986.12,-9986.12,-9986.12,-9986.12,-9986.12,-9986.12,-9986.12,-9986.12,-9986.12,-9986.12,-9986.12,-9986.12,-9986.12,-9986.12,-9986.12,-9986.12,-9986.12,-9986.12,-9986.12,-9986.12,-9986.12,-9986.12,-9986.12,-9986.12,-9986.12,-9986.12,-9986.12,-9986.12,-9986.12,-9986.12,-9986.12,-9986.12,-9986.12,-9986.12,-9986.12,-9986.12,-9986.12,-9986.12,-9986.12,-9986.12,-9986.12,-9986.12,-9986.12,-9986.12,-9986.12,-9986.12,-9986.12,-9986.12,-9986.12,-9986.12,-9986.12,-9986.12,-9986.12,-9986.12,-9986.12,-9986.12,-9986.12,-9986.12,-9986.12,-9986.12,-9986.12,-9986.12,-9986.12,-9986.12,-9986.12,-9986.12,-9986.12,-9986.12,-9986.12,-9986.12,-9986.12,-9986.12,-9986.12,-9986.12,-9986.12,-9986.12,-9986.12,-9986.12,-9986.12,-9986.12,-9986.12,-9986.12,-9986.12,-9986.12,-9986.12,-9986.12,-9986.12,-9986.12,0.5225674,-0.32065758,-0.08265292,-0.7162731,0.45545167,-0.56155163,0.48096487,-0.70648694,0.3373239
3,-57.38757,-6.2295284,-140.7129,0.086108536,0.09872829,0.11298197,0.13208286,0.18614018,0.2595505,0.32604724,0.3573432,0.38769227,0.4133497,0.42151588,0.4039077,0.35182208,0.31675985,0.27853495,0.2250938,0.18806122,0.18448828,0.16029523,0.14829032,0.14538324,0.14313398,0.14541933,-38.225468,-38.20546,0.23262155,-31.750648,-191.79091,0.2837999,0.2940796,0.29295623,-9999.0,-9999.0,-57.284893,-6.1251826,-140.60693,0.22912854,0.24497758,0.28336647,0.32859218,0.35416764,0.4114537,0.45322293,0.4805634,0.5094532,0.521883,0.5095391,0.5202024,0.48638132,0.47742552,0.45064908,0.4112611,0.35758874,0.34108028,0.33377498,0.3384452,0.3398547,0.33440343,0.33602536,-38.051197,-38.045998,0.3583177,-31.62977,-191.66286,0.4172648,0.4197409,0.42924154,-9999.0,-9999.0,-57.062916,-5.8720846,-140.32529,0.5325502,0.5572624,0.56555897,0.57821876,0.60134465,0.6232464,0.6429085,0.6702394,0.7030323,0.7101106,0.7124904,0.7180205,0.7139691,0.70902056,0.71948284,0.71678853,0.7239096,0.724641,0.72717077,0.7153555,0.7080706,0.70359796,0.7056393,-37.71356,-37.716827,0.6961521,-31.317766,-191.35289,0.6799658,0.69345754,0.6536376,-9999.0,-9999.0,-58.00096,-6.8091455,-141.2011,-0.22765233,-0.19914359,-0.1554195,-0.11665629,-0.11385145,-0.12536487,-0.14499044,-0.18011819,-0.21641381,-0.3096817,-0.3194091,-0.23554797,-0.2286748,-0.21145423,-0.17686726,-0.14293201,-0.11184926,-0.08226001,-0.04206267,-0.02931776,-0.037058413,-0.051232744,-0.06716424,-38.511066,-38.557323,-0.18564175,-32.21594,-192.27055,-0.44339678,-0.39770553,-0.4889276,-9999.0,-9999.0,-57.268265,-6.104662,-140.56668,0.2658326,0.2806676,0.30928338,0.34809375,0.3909924,0.4350571,0.4801163,0.5197488,0.5469336,0.5652104,0.57110655,0.55159974,0.5256424,0.49438828,0.4650506,0.43503687,0.40280566,0.3815369,0.35924715,0.34142086,0.3616477,0.3677757,0.3652026,-38.029953,-38.002716,0.40452015,-31.585318,-191.61484,0.44288158,0.44898453,0.45062718,-9999.0,-9999.0,0.62287664,-0.50921303,0.525038,-0.6801801,0.16665266,-0.34515306,0.5236493,-0.6872962,0.40194383
4,0.2512563,0.22250639,0.15167096,0.10594316,0.140625,0.10236221,0.16449086,0.22834645,0.40682417,0.5328084,0.5115682,0.4848485,0.48872182,-9999.0,-9999.0,-9999.0,-9999.0,-9999.0,-9999.0,-9999.0,-9999.0,-9999.0,-9999.0,-9999.0,-9999.0,-9999.0,-9999.0,-9999.0,-9999.0,-9999.0,-9999.0,-9999.0,-9999.0,-9999.0,0.28400955,0.27184469,0.37378642,0.3580247,0.30456853,0.30964467,0.3556701,0.4111675,0.47043702,0.51392406,0.59390867,0.6171285,0.6526055,0.6764706,0.7609756,-9999.0,-9999.0,-9999.0,-9999.0,-9999.0,-9999.0,-9999.0,-9999.0,-9999.0,-9999.0,-9999.0,-9999.0,-9999.0,-9999.0,-9999.0,-9999.0,-9999.0,-9999.0,-9999.0,-9999.0,-9999.0,0.41148326,0.4057971,0.5377358,0.59810877,0.6252927,0.64220184,0.63972294,0.6238532,0.6210046,0.65909094,0.67346936,0.70709383,0.7948718,0.8108747,0.84,-9999.0,-9999.0,-9999.0,-9999.0,-9999.0,-9999.0,-9999.0,-9999.0,-9999.0,-9999.0,-9999.0,-9999.0,-9999.0,-9999.0,-9999.0,-9999.0,-9999.0,-9999.0,-9999.0,-9999.0,-9999.0,0.6312057,0.5764706,-0.42882597,-0.4247888,-0.37182513,-0.20438707,-0.18433484,-0.15518132,-0.1432036,-0.17721854,-0.23679025,-0.19782811,-0.17526814,-0.21875207,-0.28608054,-9999.0,-9999.0,-9999.0,-9999.0,-9999.0,-9999.0,-9999.0,-9999.0,-9999.0,-9999.0,-9999.0,-9999.0,-9999.0,-9999.0,-9999.0,-9999.0,-9999.0,-9999.0,-9999.0,-9999.0,-9999.0,-0.52534384,-0.51705515,0.3904251,0.36901292,0.35269362,0.35961008,0.37834394,0.41158926,0.46229228,0.5325557,0.5956771,0.6479022,0.6938478,0.72423744,0.7369384,-9999.0,-9999.0,-9999.0,-9999.0,-9999.0,-9999.0,-9999.0,-9999.0,-9999.0,-9999.0,-9999.0,-9999.0,-9999.0,-9999.0,-9999.0,-9999.0,-9999.0,-9999.0,-9999.0,-9999.0,-9999.0,0.44294626,0.43513018,0.97938144,-0.3036254,0.53418314,-0.68667394,-0.67034686,-0.3997054,0.57776415,-0.45385993,0.2785458
5,-12.136774,-57.567654,-263.88055,0.083175614,0.09474046,0.10997421,0.13536094,0.1935442,0.27085602,0.33857614,0.37185344,0.40583605,0.4353188,0.44472894,0.42983043,0.3789294,0.3430842,0.30652213,0.25483817,0.21615705,0.21134642,0.18730506,0.17695977,0.17240374,-24.57604,0.17059475,0.20057793,0.2191327,0.25439143,0.27370277,0.2734632,0.30496007,0.31552067,-65.68476,0.302154,-9999.284,-12.032528,-57.463028,-263.77057,0.23544315,0.24926633,0.2867751,0.3335009,0.3621005,0.4237702,0.47018722,0.4981614,0.52650356,0.5400656,0.52867484,0.53989697,0.5079909,0.50062877,0.47718284,0.43996066,0.38520846,0.3700271,0.36367682,0.36892408,0.37274373,-24.381378,0.369545,0.38508865,0.3878012,0.38504192,0.4028748,0.40798187,0.4426002,0.44327912,-65.546,0.44111878,-9999.284,-11.877312,-57.27547,-263.54803,0.48532656,0.51322985,0.52682215,0.5438298,0.5685111,0.59315735,0.6125853,0.6390296,0.67271304,0.6844407,0.6887741,0.69706595,0.69594455,0.68744123,0.6963037,0.6950116,0.70592445,0.70730895,0.70815843,0.69409597,0.68523455,-24.071507,0.6765205,0.6662551,0.6599275,0.66275084,0.6567867,0.67336375,0.6537105,0.66645354,-65.377525,0.58478105,-9999.284,-12.808149,-58.194336,-264.39725,-0.26337066,-0.23204266,-0.18721364,-0.15045959,-0.14979732,-0.16440576,-0.18771277,-0.22412013,-0.26314977,-0.35218406,-0.36100817,-0.2830995,-0.2741112,-0.25380704,-0.22118847,-0.18719809,-0.15283324,-0.1201484,-0.07979544,-0.06776622,-0.07535313,-24.840754,-0.10711066,-0.13998751,-0.18805633,-0.22805512,-0.2492341,-0.26842016,-0.47510582,-0.4338056,-66.52023,-0.55790335,-9999.284,-12.0271225,-57.45243,-263.74023,0.2612317,0.27608958,0.30711618,0.34946522,0.39563775,0.44262138,0.48890087,0.5289465,0.5573131,0.57710713,0.58519757,0.5674598,0.5426216,0.5123475,0.4844588,0.45459434,0.42283314,0.401655,0.3804597,0.3638867,0.38288814,-24.359999,0.3850434,0.39491653,0.4210752,0.4221982,0.43661988,0.448525,0.4584787,0.4642912,-65.53488,0.44692475,-9999.284,0.6299665,-0.49991682,0.53794205,-0.6635485,0.2721504,-0.30583513,0.5106838,-0.6229965,0.41620022
6,0.057372976,0.026236022,0.0037283609,-595.9981,-132.43398,-132.41847,-132.39537,-132.3557,0.12993002,-66.02756,0.1994417,0.21416155,0.23563868,0.23890974,-65.99533,0.18845278,-132.2738,0.12963153,0.099025704,0.08346479,0.09428702,0.07281264,0.06935487,-860.777,-1324.3115,-4436.6245,-5098.8076,-6886.7275,-9999.006,-9999.006,-9999.006,-9734.143,-9800.359,-9999.006,-8807.065,-9005.739,0.16549869,0.12935984,0.09718633,-595.8791,-132.31647,-132.27295,-132.23651,-132.2138,0.27263272,-65.90479,0.3307808,0.35229197,0.36397997,0.365922,-65.82585,0.37285408,-132.06398,0.3621208,0.32587942,0.26676765,0.24683456,0.237904,0.2512908,-860.6075,-1324.1533,-4436.509,-5098.709,-6886.6543,-9999.006,-9999.006,-9999.006,-9734.131,-9800.346,-9999.006,-8807.043,-9005.711,0.45148706,0.44007656,0.42897484,-595.557,-131.96793,-131.97285,-131.97057,-131.9618,0.47512454,-65.73388,0.49952936,0.53241575,0.55471784,0.5779882,-65.613815,0.61063516,-131.82153,0.62796456,0.6207136,0.6211855,0.62474674,0.62924165,0.61383533,-860.29254,-1323.8573,-4436.363,-5098.579,-6886.58,-9999.006,-9999.006,-9999.006,-9734.117,-9800.35,-9999.006,-8806.998,-9005.669,-0.3298975,-0.3570333,-0.33296436,-596.1494,-132.6078,-132.56865,-132.53136,-132.54448,-0.126764,-66.36837,-0.18251385,-0.1988641,-0.26903626,-0.25081784,-66.35993,-0.12840201,-132.5586,-0.10765956,-0.10502718,-0.09802779,-0.0803022,-0.045390185,-0.03498475,-860.87946,-1324.4086,-4436.679,-5098.8613,-6886.7524,-9999.006,-9999.006,-9999.006,-9734.137,-9800.351,-9999.006,-8807.112,-9005.753,0.17397022,0.14208482,0.12816358,-595.8551,-132.28503,-132.25739,-132.22382,-132.19193,0.2735861,-65.90573,0.33948034,0.36487445,0.38790134,0.40736082,-65.8145,0.3881532,-132.0718,0.34561452,0.318746,0.28851792,0.2701433,0.2504684,0.23195405,-860.60895,-1324.1445,-4436.515,-5098.715,-6886.656,-9999.006,-9999.006,-9999.006,-9734.134,-9800.35,-9999.006,-8807.043,-9005.711,0.5212795,-0.4777816,0.39269376,-0.5067249,-0.33626,-0.51526207,0.35966355,-0.61270463,0.0949583
7,0.23595263,0.18655127,-81.028206,-9999.0,-32.352077,-32.333527,-32.31296,-32.25914,-80.887405,-32.135666,0.36132416,0.3943168,0.42255798,0.43383324,0.4179588,0.36423555,0.33179694,0.2959622,0.24133055,0.20318864,0.19890922,0.1704892,0.15236866,0.14753287,0.14686938,0.1505074,0.17754492,0.19077797,0.21571985,0.23203513,-16.00738,0.26211336,0.27486867,-32.185204,0.27798882,0.24943274,0.32875755,0.28632352,-80.924965,-9999.0,-32.213745,-32.172283,-32.12492,-32.09611,-80.7291,-31.991217,0.50399625,0.535404,0.5505625,0.53566754,0.5436864,0.5163758,0.51205075,0.4835354,0.43939942,0.38163158,0.36271867,0.35578072,0.3587536,0.35806587,0.35136917,0.35436437,0.36929968,0.3696561,0.36269268,0.37298733,-15.857406,0.40654773,0.40659544,-32.050343,0.4046093,0.3833447,0.3879332,0.36914015,-80.80837,-9999.0,-32.065636,-32.050213,-32.026978,-31.992819,-80.65976,-31.935135,0.55825204,0.59410256,0.6133471,0.63323283,0.6500709,0.6466294,0.64247644,0.6509984,0.6487802,0.6603317,0.6632419,0.66538393,0.6540109,0.646481,0.64127666,0.6443266,0.6355461,0.6303931,0.6306852,0.6186108,-15.609042,0.58584046,0.58558136,-31.936907,0.48384312,0.44003034,-0.51392335,-0.5304948,-81.65392,-9999.0,-32.814194,-32.774837,-32.734615,-32.71739,-81.41729,-32.72753,-0.29635194,-0.33218363,-0.40315983,-0.3980887,-0.313756,-0.2997086,-0.2769689,-0.24588962,-0.20937094,-0.17375787,-0.13912748,-0.09132667,-0.071151055,-0.07418374,-0.08809963,-0.10358687,-0.13274884,-0.18028769,-0.21862532,-0.24291241,-16.502522,-0.491003,-0.4683617,-33.025967,-0.6024754,-0.5894422,0.31667566,0.2764933,-80.91456,-9999.0,-32.203552,-32.169956,-32.126125,-32.078903,-80.72756,-31.990698,0.5136373,0.54241484,0.5638637,0.57527584,0.561099,0.5386196,0.50943714,0.4800718,0.4470914,0.41348422,0.39086255,0.36672157,0.34740472,0.3658494,0.37159777,0.3670567,0.37372097,0.39493847,0.38920775,0.39915115,-15.827123,0.41125956,0.41230765,-32.053555,0.39797214,0.3654826,0.7157556,-0.37450665,0.5207047,-0.5963148,-0.19208558,-0.35727793,0.51131815,-0.61800283,0.36233047
8,-19.842207,0.26964742,-9999.007,0.1495789,0.14686038,-6.570259,0.17835759,0.23954153,0.3167527,0.39087853,0.42588475,0.4599389,0.49108234,0.5024745,0.49038202,0.4474215,0.42132938,0.39487177,0.35328674,0.3222996,0.3245368,0.3066723,0.302138,0.30563432,0.3162575,0.32840213,0.37734184,0.4002223,0.43447712,0.45241922,-26.467297,0.47517157,-19.704458,-53.361347,0.44618854,0.39291286,-19.736546,0.38237083,-9999.007,0.29670435,0.29780018,-6.3957615,0.38390884,0.41488627,0.47902268,0.52760804,0.5588841,0.5857738,0.59426266,0.583238,0.6005857,0.575076,0.57928324,0.56191516,0.53438014,0.4926402,0.4887965,0.49189788,0.50687784,0.51521826,0.5135158,0.5211297,0.5444591,0.54945207,0.5521128,0.5679273,-26.3445,0.60030854,-19.587551,-53.225857,0.58093464,0.5333423,-19.756054,0.3815121,-9999.007,0.36514196,0.39034405,-6.3245873,0.4299983,0.46665275,0.5050657,0.5393897,0.5767246,0.62214816,0.6411822,0.6546954,0.66667217,0.6653515,0.6594239,0.67463547,0.6735404,0.68321276,0.6838069,0.68644226,0.67592543,0.6665634,0.6634279,0.6695155,0.6638387,0.6603319,0.66608274,0.6637332,-26.231012,0.66232353,-19.521658,-53.21978,0.5556412,0.49071902,-20.75637,-0.57982624,-9999.007,-0.42691484,-0.38628328,-7.069677,-0.3011583,-0.29168624,-0.29370272,-0.30838984,-0.33849227,-0.37153623,-0.4426623,-0.44459814,-0.37580714,-0.37327117,-0.35799962,-0.3263917,-0.29461142,-0.26470664,-0.2344912,-0.19539456,-0.18546537,-0.19694519,-0.21772741,-0.24290024,-0.28554797,-0.341058,-0.38494253,-0.4065703,-27.33685,-0.5899513,-20.751171,-54.467083,-0.672534,-0.6580987,-19.756649,0.36052555,-9999.007,0.29092696,0.2956126,-6.406038,0.36735073,0.41835022,0.47092676,0.52255344,0.567037,0.5984959,0.6191044,0.62904704,0.6148369,0.59540635,0.5726217,0.55390596,0.5336534,0.5109145,0.5007436,0.48987734,0.48530665,0.5065055,0.5151625,0.51929325,0.5395047,0.56754446,0.5749128,0.58423793,-26.321384,0.6003752,-19.585482,-53.2397,0.56066066,0.50269777,0.5501121,-0.5421108,0.60993445,-0.6315958,0.6365456,-0.23346496,0.5259754,-0.52157414,0.44023305
9,-86.31362,0.08308709,0.04562797,-115.24348,0.03342641,0.04909723,0.07039077,-345.65054,-28.621681,0.24649988,0.26410004,0.2903097,0.31035128,0.3193925,-86.140045,0.2571885,0.23468934,0.20673911,0.17630558,0.13752025,0.13367908,0.11237662,0.10393453,0.0977726,0.08932223,0.076548584,0.10013857,0.11234853,0.13360181,-1181.3131,-2622.0942,-4581.5645,-9999.003,-9999.003,-9826.105,-9682.046,-86.21248,0.1923295,0.14865641,-115.11052,0.17439635,0.20962876,0.24903151,-345.50467,-28.487968,0.37194672,0.39671484,0.4257224,0.43493366,0.43085995,-86.003716,0.41451022,0.40684605,0.38340247,0.3538229,0.29820952,0.27763316,0.2691521,0.2708101,0.27303094,0.2750675,0.28168976,0.3025944,0.30935612,0.31014922,-1181.1487,-2621.9548,-4581.4673,-9999.003,-9999.003,-9826.1045,-9682.04,-85.87342,0.5614152,0.54753083,-114.71044,0.57563055,0.57634276,0.5812246,-345.18192,-28.21061,0.62034863,0.63832515,0.66859454,0.68020356,0.6899142,-85.73971,0.70622194,0.70040107,0.7108077,0.7093761,0.71262705,0.7144129,0.7113272,0.6984823,0.68912596,0.68713796,0.7003318,0.70009404,0.7054231,0.7064708,-1180.8287,-2621.703,-4581.297,-9999.003,-9999.003,-9826.1045,-9682.04,-86.73339,-0.318343,-0.29646125,-115.402466,-0.12510125,-0.079285815,-0.048396636,-345.83206,-28.87192,-0.07333092,-0.11135491,-0.1395877,-0.23344687,-0.23326704,-86.58119,-0.12966481,-0.1221226,-0.09955341,-0.08328898,-0.06277303,-0.03766114,-0.003740612,0.010963381,0.0083832145,0.0008008849,-0.00033426637,-0.01866214,-0.050801877,-0.08294126,-1181.5217,-2622.3208,-4581.879,-9999.003,-9999.003,-9826.122,-9682.043,-86.18675,0.2197417,0.19780295,-115.068,0.2149331,0.24387497,0.28008893,-345.45346,-28.45253,0.4026216,0.43374285,0.4599491,0.47791925,0.48991823,-85.96931,0.45422402,0.42789552,0.40266252,0.37572506,0.3433489,0.32104614,0.29671663,0.27502334,0.29741958,0.3082305,0.3080411,0.32010785,0.3499437,0.34557155,-1181.12,-2621.9258,-4581.4507,-9999.003,-9999.003,-9826.1045,-9682.04,0.5530847,-0.5411426,0.45851037,-0.5872442,-0.12548329,-0.4424204,0.5134766,-0.7485611,0.14217009
10,0.10119568,0.077343695,0.045474693,0.024681473,0.040050294,0.03755998,-689.51,-1379.0746,-2413.4133,-2413.3713,-2413.3801,-2413.3638,-3102.956,-3102.96,-5171.808,-7585.379,-7585.3706,-9999.003,-9999.003,-9999.003,-9999.003,-9999.003,-9999.003,-9999.003,-9999.003,-9999.003,-9999.003,-9999.003,-9999.003,-9999.003,-9999.003,-7930.23,-7930.2236,-7930.2197,-6551.057,-9999.003,0.18647476,0.1439762,0.104323484,0.12077721,0.11820123,0.14353238,-689.3919,-1378.9728,-2413.3145,-2413.288,-2413.285,-2413.2754,-3102.884,-3102.887,-5171.718,-7585.318,-7585.307,-9999.003,-9999.003,-9999.003,-9999.003,-9999.003,-9999.003,-9999.003,-9999.003,-9999.003,-9999.003,-9999.003,-9999.003,-9999.003,-9999.003,-7930.193,-7930.1855,-7930.1807,-6551.007,-9999.003,0.5478205,0.5430017,0.54146826,0.57450193,0.59990466,0.60566294,-688.93463,-1378.6445,-2413.0942,-2413.1035,-2413.0996,-2413.0862,-3102.713,-3102.7073,-5171.6567,-7585.3066,-7585.302,-9999.003,-9999.003,-9999.003,-9999.003,-9999.003,-9999.003,-9999.003,-9999.003,-9999.003,-9999.003,-9999.003,-9999.003,-9999.003,-9999.003,-7930.059,-7930.056,-7930.064,-6550.8174,-9999.003,-0.28173363,-0.30512962,-0.26966727,-0.101092055,-0.06198421,-0.016867256,-689.5435,-1379.1725,-2413.5999,-2413.62,-2413.649,-2413.672,-3103.3123,-3103.3147,-5172.001,-7585.511,-7585.514,-9999.003,-9999.003,-9999.003,-9999.003,-9999.003,-9999.003,-9999.003,-9999.003,-9999.003,-9999.003,-9999.003,-9999.003,-9999.003,-9999.003,-7930.2817,-7930.2715,-7930.2954,-6551.182,-9999.003,0.22263657,0.19306615,0.17951064,0.18619522,0.20959076,0.2317853,-689.30273,-1378.9237,-2413.2832,-2413.2646,-2413.2483,-2413.235,-3102.8464,-3102.8406,-5171.7173,-7585.3184,-7585.32,-9999.003,-9999.003,-9999.003,-9999.003,-9999.003,-9999.003,-9999.003,-9999.003,-9999.003,-9999.003,-9999.003,-9999.003,-9999.003,-9999.003,-7930.1777,-7930.1743,-7930.173,-6550.986,-9999.003,0.6940182,-0.47541422,0.36785287,-0.70309436,-0.3702854,-0.54058945,0.51211214,-0.7400443,0.19697015
11,-394.78003,-0.14941454,-0.18705183,-131.76152,-0.18818538,-0.16977486,-394.83792,-394.80563,-0.07708248,-0.026384877,0.0034501336,0.03615099,0.06654795,0.08476596,0.0843031,0.049744077,-789.3278,-2105.0396,-2762.927,-4999.548,-6709.8843,-9341.185,-9999.003,-9999.003,-9999.003,-9999.003,-9999.003,-9999.003,-9999.003,-9999.003,-9999.003,-2631.3992,-2631.4265,-3552.3472,-3947.0432,-3947.0872,-394.67065,-0.036257315,-0.0790142,-131.62767,-0.06768857,-0.03045686,-394.69028,-394.67154,0.058909975,0.09558533,0.123873614,0.16563469,0.19184864,0.19840984,0.22989687,0.21518916,-789.15625,-2104.9004,-2762.7866,-4999.466,-6709.8115,-9341.159,-9999.003,-9999.003,-9999.003,-9999.003,-9999.003,-9999.003,-9999.003,-9999.003,-9999.003,-2631.2676,-2631.287,-3552.2212,-3946.9417,-3946.9812,-394.3066,0.38154796,0.3723655,-131.18965,0.4098092,0.42401022,-394.23093,-394.21146,0.48776713,0.51403123,0.5517116,0.5859153,0.6083594,0.62042636,0.6407742,0.6499617,-788.7322,-2104.4924,-2762.382,-4999.1416,-6709.594,-9341.12,-9999.003,-9999.003,-9999.003,-9999.003,-9999.003,-9999.003,-9999.003,-9999.003,-9999.003,-2630.9148,-2630.9077,-3551.9253,-3946.648,-3946.696,-394.92767,-0.25891364,-0.23149963,-131.6537,-0.06328878,-0.019524323,-394.63895,-394.61386,0.07412755,0.06678401,0.038710862,0.008147363,-0.10230242,-0.11641401,-0.00980531,-0.009611825,-789.3758,-2105.0115,-2762.8154,-4999.4414,-6709.797,-9341.162,-9999.003,-9999.003,-9999.003,-9999.003,-9999.003,-9999.003,-9999.003,-9999.003,-9999.003,-2631.501,-2631.4226,-3552.467,-3947.174,-3947.152,-394.66022,-0.018638078,-0.033974625,-131.59195,-0.019734057,0.0050232103,-394.64105,-394.60977,0.09815862,0.13310477,0.17322321,0.20887761,0.24263594,0.2681154,0.2702215,0.25962305,-789.1273,-2104.8713,-2762.7607,-4999.4336,-6709.7935,-9341.159,-9999.003,-9999.003,-9999.003,-9999.003,-9999.003,-9999.003,-9999.003,-9999.003,-9999.003,-2631.2405,-2631.2593,-3552.2056,-3946.9219,-3946.971,0.4718098,-0.43999466,0.23778027,-0.5308679,-0.08670803,-0.37074193,0.38491195,-0.64308614,0.23598734
12,-1478.8312,-9999.006,-1816.5106,-884.21454,-385.89172,-273.35663,-225.11626,-241.14957,-192.85538,-192.7928,-176.68338,-176.64752,-176.61931,0.22032212,0.21207345,0.17165282,0.14946938,0.12512168,0.08451879,0.06156965,0.071134016,0.05495162,0.047660675,0.03886153,0.03271248,0.029838914,0.043238934,0.04766743,0.0594736,-160.68344,-337.51974,-96.37996,-112.45139,-96.38136,-80.32005,-48.202538,-1478.7402,-9999.006,-1816.4154,-884.0742,-385.75128,-273.1943,-224.92834,-240.97855,-192.7039,-192.66301,-176.55766,-176.53152,-176.51659,0.30223548,0.32576352,0.30568525,0.30769852,0.29431033,0.26457602,0.21951336,0.21437107,0.21526447,0.22128293,0.22217272,0.21238892,0.20702758,0.21245284,0.20014486,0.18122518,-160.56169,-337.3898,-96.24626,-112.32519,-96.24768,-80.1834,-48.05837,-1478.653,-9999.006,-1816.3109,-883.9139,-385.53503,-272.98975,-224.73546,-240.77238,-192.50735,-192.48027,-176.36995,-176.32596,-176.3035,0.5454987,0.5532411,0.5521094,0.5552488,0.5758564,0.58392,0.6016501,0.6067572,0.60520464,0.5815199,0.5619716,0.5454144,0.53950316,0.5170501,0.50057244,0.4895543,-160.28473,-337.1091,-95.98735,-112.060234,-96.0356,-79.98952,-47.879093,-1479.3549,-9999.006,-1816.9294,-884.4529,-386.0765,-273.49707,-225.2189,-241.27557,-193.03906,-193.04646,-176.99298,-177.01683,-177.10173,-0.27216542,-0.18843988,-0.18819796,-0.17644967,-0.15239443,-0.1260036,-0.103538804,-0.08401646,-0.0520211,-0.048899893,-0.059491932,-0.07545289,-0.09238637,-0.12080987,-0.16011474,-0.19058126,-160.96472,-337.814,-96.879814,-112.90825,-96.92781,-80.88331,-48.715492,-1478.7501,-9999.006,-1816.4114,-884.0773,-385.7449,-273.19568,-224.93182,-240.96455,-192.69894,-192.6567,-176.53885,-176.50638,-176.48091,0.36062875,0.35365555,0.33924657,0.32003385,0.3030713,0.28155717,0.25814238,0.24293505,0.22106786,0.19825816,0.22075464,0.22690135,0.21550593,0.21022922,0.22539598,0.20222849,-160.53937,-337.36325,-96.24022,-112.31602,-96.246704,-80.18626,-48.072453,0.4316913,-0.46965986,0.35150704,-0.55301356,0.24730675,-0.3690715,0.39593205,-0.59556615,0.35981804
13,-385.817,-137.95447,-743.93665,-606.25586,-137.97665,-0.2443548,-82.858986,-82.82361,-0.13638896,-0.08678773,-0.06603784,-0.040195353,-137.73357,-0.006755525,-0.002962454,-0.026002487,-0.03362543,-0.045051944,-0.07433692,-0.09019491,-0.08069792,-0.104872756,-0.12672904,-0.15718277,-0.19891796,-0.22923909,-0.23771493,-1983.4778,-4490.046,-9999.003,-9971.466,-330.74805,-661.2581,-495.99335,-1680.4409,-2286.4343,-385.67844,-137.81612,-743.8108,-606.10394,-137.83594,-0.08607066,-82.68704,-82.66992,-0.00016779431,0.02669474,0.042634856,0.06850596,-137.63193,0.08937653,0.11797707,0.111115605,0.12287615,0.12589672,0.10939865,0.07121508,0.066710755,0.062634,0.062927134,0.055715777,0.038949203,0.025506107,0.022639262,-1983.2899,-4489.925,-9999.003,-9971.458,-330.54858,-661.0794,-495.80753,-1680.2784,-2286.294,-385.37848,-137.4741,-743.5061,-605.7665,-137.4568,0.2927314,-82.32237,-82.30029,0.35778335,0.3695309,0.39356697,0.4277008,-137.28561,0.45727456,0.47472486,0.48459202,0.49260134,0.51861256,0.5358267,0.56120867,0.57450306,0.5751352,0.5509646,0.526215,0.506945,0.49080202,0.45398745,-1982.9396,-4489.7085,-9999.003,-9971.458,-330.1687,-660.6975,-495.4491,-1679.9956,-2286.0325,-385.86118,-137.986,-743.98004,-606.10077,-137.8249,-0.059564598,-82.64562,-82.62483,0.02153363,0.012227766,-0.013367385,-0.038095616,-137.87146,-0.14343883,-0.04607017,-0.055545352,-0.062324602,-0.055344168,-0.039187286,-0.017826078,0.008506247,0.048715074,0.066416025,0.0684867,0.069809325,0.06945392,0.05659766,-1983.2532,-4489.9297,-9999.003,-9971.458,-330.80927,-661.2871,-496.12448,-1680.5851,-2286.5493,-385.6837,-137.81085,-743.7896,-606.08685,-137.80838,-0.07035651,-82.67021,-82.63973,0.019819696,0.04818874,0.07822147,0.103974566,-137.58691,0.14891045,0.15234773,0.15062883,0.14424236,0.13751805,0.12345671,0.10621894,0.092174545,0.06531452,0.03077809,0.049605068,0.049369644,0.023525832,0.0018495298,-1983.2789,-4489.933,-9999.003,-9971.458,-330.5509,-661.0753,-495.80734,-1680.2839,-2286.3015,0.27661046,-0.40301102,0.18789116,-0.5138795,-0.008399339,-0.44945845,0.22892925,-0.5761895,0.29520392
14,-34.733665,-34.781086,-349.47467,-349.5038,0.12398021,-34.822155,0.15034054,-34.76958,0.25343734,0.31813592,-34.614117,0.3770044,0.4022653,0.40988192,0.3912043,0.3413668,0.30605844,0.26507092,0.21383615,0.17708202,0.16667612,0.13795467,0.12236852,0.11121435,0.103264764,0.103436045,-69.78482,0.15288211,0.19026892,-349.38757,-384.34955,0.254479,0.27190098,-9859.159,-9999.011,-9824.211,-34.626865,-34.67218,-349.3789,-349.37506,0.25823662,-34.660053,0.33717456,-34.60639,0.39888558,0.43902728,-34.492065,0.49528664,0.50697654,0.50312775,0.5129962,0.481805,0.47240576,0.44471294,0.40728405,0.3518453,0.32725394,0.3169367,0.3240462,0.32863522,0.3211855,0.32131305,-69.58436,0.33701447,0.33456075,-349.2519,-384.2105,0.405045,0.40863347,-9859.156,-9999.011,-9824.203,-34.349155,-34.36659,-349.0634,-349.05823,0.60202813,-34.363777,0.6035058,-34.345196,0.6302431,0.6457731,-34.290714,0.7036819,0.7140273,0.71759963,0.7249309,0.72806144,0.72463953,0.7340941,0.7314101,0.7394843,0.73902756,0.7378432,0.7257694,0.7173642,0.7122379,0.7204052,-69.21276,0.71350557,0.7197542,-348.9138,-383.86133,0.72137046,0.73735017,-9859.154,-9999.011,-9824.193,-35.310173,-35.337925,-349.9647,-349.82782,-0.18879396,-35.11548,-0.111617476,-35.069233,-0.11376562,-0.12811166,-35.122604,-0.19529209,-0.2928394,-0.30365634,-0.21811236,-0.20779146,-0.18650155,-0.15065677,-0.11828024,-0.087604634,-0.054767888,-0.011711959,0.005799541,0.0036383588,-0.006476844,-0.012045879,-69.96642,-0.08627949,-0.1294946,-349.77435,-384.75803,-0.40286013,-0.35249355,-9859.163,-9999.011,-9824.193,-34.603256,-34.645367,-349.33127,-349.3338,0.3017639,-34.631454,0.36060643,-34.566242,0.43018943,0.46975958,-34.4523,0.53678995,0.5566559,0.56486386,0.54803354,0.5234448,0.49174607,0.4603152,0.4268594,0.39216626,0.3668217,0.3405829,0.3199825,0.33912486,0.34610564,0.34241036,-69.569786,0.37715963,0.3791069,-349.2103,-384.15955,0.4348783,0.4471768,-9859.156,-9999.011,-9824.203,0.57680833,-0.54800606,0.5188201,-0.6826031,-0.007898291,-0.36875835,0.5107602,-0.7386567,0.3590377
15,-4843.1597,-9999.005,-5312.036,-2812.3914,-1718.8333,-2343.6985,-469.0233,-468.95837,-468.878,-156.34875,-156.2892,-156.24834,-156.21288,0.04797424,0.067996286,0.052836675,0.043655813,0.046714783,0.019715358,-0.008845882,0.00066669425,-0.019758597,-0.036471922,-0.054036457,-0.07431995,-0.11331108,-0.1399422,-0.17543864,-0.20044976,-1249.9922,-1562.4686,-156.48232,-1406.2554,-937.60895,-7499.3896,-9217.899,-4843.1025,-9999.005,-5311.987,-2812.2993,-1718.7346,-2343.5818,-468.85153,-468.80933,-468.75037,-156.243,-156.19533,-156.14116,-156.11105,0.13406776,0.17418282,0.18120447,0.1948622,0.19138658,0.16761369,0.11444481,0.08708339,0.07791891,0.0775919,0.06411507,0.048882253,0.011815936,-0.019345226,-0.0683787,-0.11881267,-1249.9135,-1562.3917,-156.39565,-1406.1443,-937.49426,-7499.319,-9217.895,-4843.0317,-9999.005,-5311.8374,-2811.958,-1718.2627,-2343.221,-468.4273,-468.39786,-468.37592,-155.88472,-155.83588,-155.7981,-155.77567,0.49174115,0.5243224,0.5333183,0.5428636,0.55965215,0.5610304,0.5746704,0.58900344,0.5735863,0.55513287,0.52341706,0.49449047,0.4745044,0.44180208,0.39188322,0.35395083,-1249.6078,-1562.0806,-155.9349,-1405.8297,-937.02686,-7499.1157,-9217.82,-4843.504,-9999.005,-5312.1426,-2812.2908,-1718.5729,-2343.5369,-468.62283,-468.62265,-468.67526,-156.22633,-156.24567,-156.26251,-156.3691,-0.14552683,-0.056884095,-0.0789886,-0.08832119,-0.08668147,-0.07293951,-0.054199804,-0.04003388,-0.01533007,-0.015679039,-0.028446589,-0.040981542,-0.041132703,-0.034098163,-0.05767967,-0.08382674,-1250.0385,-1562.5214,-156.47559,-1406.3163,-937.6253,-7499.235,-9217.83,-4843.106,-9999.005,-5311.9756,-2812.2566,-1718.6719,-2343.547,-468.82013,-468.76935,-468.7299,-156.2204,-156.16061,-156.10999,-156.06624,0.19859321,0.21424028,0.22026457,0.21866061,0.2095624,0.19151385,0.16718239,0.14183803,0.10703512,0.06752775,0.082230136,0.07798968,0.03797041,-0.0054267836,-0.025173588,-0.0932664,-1249.8973,-1562.3615,-156.34122,-1406.128,-937.44336,-7499.298,-9217.883,0.1868558,-0.5498726,0.1683935,-0.34614268,0.33670968,-0.30064982,0.27521166,-0.33837774,0.30430004
16,-82.39101,-411.59763,-82.45046,-123.62506,-0.15685017,-0.13995013,-0.12308074,-0.08153769,-0.0154348165,0.04090386,0.06257474,0.08768759,0.10933713,0.11373749,0.09934448,0.05846494,0.038505316,-4.221321e-05,-0.05089094,-0.08779158,-0.08879019,-82.40168,-823.07996,-2180.929,-5225.8857,-7283.269,-9999.004,-9999.004,-9999.004,-9999.004,-9999.004,-740.74603,-370.43503,-452.72318,-493.87122,-1440.2853,-82.26367,-411.48935,-82.339645,-123.48441,-0.022145858,0.015667103,0.049350977,0.06968793,0.1204488,0.15655491,0.18275464,0.21201487,0.22607636,0.22799541,0.24999247,0.23382872,0.23122619,0.21553767,0.17855822,0.11675868,0.09427704,-82.21357,-822.894,-2180.7576,-5225.78,-7283.2075,-9999.004,-9999.004,-9999.004,-9999.004,-9999.004,-740.5744,-370.25665,-452.54208,-493.70126,-1440.142,-81.94865,-411.154,-81.95913,-123.09046,0.3883614,0.40619949,0.43425986,0.4680509,0.4915969,0.51645637,0.54093635,0.5801303,0.596747,0.6046635,0.61305004,0.60990155,0.6072528,0.6243185,0.6275317,0.63513035,0.6341929,-81.67108,-822.40234,-2180.386,-5225.526,-7283.0767,-9999.004,-9999.004,-9999.004,-9999.004,-9999.004,-740.24695,-369.88748,-452.22574,-493.39087,-1439.872,-82.597115,-411.80676,-82.5974,-123.58408,-0.11520162,-0.066925585,-0.01156654,0.010813373,0.01434254,0.0061355853,-0.023563514,-0.043412756,-0.14304577,-0.15002239,-0.047362514,-0.046357132,-0.040027004,-0.013279784,0.010268434,0.036056552,0.063215174,-82.19512,-822.8567,-2180.7976,-5225.7686,-7283.209,-9999.004,-9999.004,-9999.004,-9999.004,-9999.004,-740.9664,-370.5711,-452.99133,-494.17438,-1440.5321,-82.26535,-411.4803,-82.30475,-123.45564,0.012106279,0.04008272,0.0772898,0.1168699,0.1534477,0.1918279,0.22770216,0.2567455,0.28179568,0.2967912,0.28946123,0.27471384,0.2510727,0.22593603,0.19375002,0.1592994,0.13066293,-82.19726,-822.90546,-2180.7493,-5225.7603,-7283.2026,-9999.004,-9999.004,-9999.004,-9999.004,-9999.004,-740.5682,-370.24716,-452.54498,-493.69968,-1440.148,0.5414324,-0.42634246,0.26759344,-0.588586,-0.2799178,-0.41359976,0.3863139,-0.5560328,0.3976546
17,0.27135685,-285.464,0.15695928,-9999.004,0.1136905,0.13370828,0.14703472,0.21679792,0.29463822,0.36857894,0.40198314,0.4601732,0.50304335,0.48356074,0.4387654,0.3680086,0.30294338,0.25098908,0.18489161,0.14240369,0.14697148,0.12396074,0.09779936,0.0949405,0.0814212,0.07219194,0.0951157,0.12080205,0.1808579,0.20098287,0.2023465,0.2333334,0.2761905,0.31239456,-3713.7178,-9999.004,0.35617208,-285.36575,0.28440908,-9999.004,0.33225337,0.4018855,0.45765713,0.47587705,0.5418421,0.573228,0.58170885,0.58767533,0.58926845,0.5654677,0.55835354,0.51983374,0.50290024,0.46729514,0.4244157,0.3738603,0.3554287,0.3451942,0.3466818,0.3398303,0.3306945,0.32892692,0.35252428,0.34568605,0.3387757,0.35214287,0.37282586,0.422177,0.4216289,0.45205304,-3713.6335,-9999.004,0.49097046,-285.21127,0.48611593,-9999.004,0.5461565,0.5635651,0.60821927,0.6367533,0.6650473,0.66355044,0.6656677,0.67646104,0.68295825,0.679456,0.7017558,0.6928574,0.6846667,0.69598895,0.6947667,0.709835,0.68940353,0.67623955,0.66780186,0.6462873,0.646767,0.6492511,0.6423007,0.6292395,0.62901574,0.6261603,0.6466883,0.6300103,0.6425475,0.61015606,-3713.564,-9999.004,-0.45334432,-286.14197,-0.42327785,-9999.004,-0.23133603,-0.17614403,-0.11165467,-0.10507183,-0.1144691,-0.14508492,-0.2131256,-0.28729585,-0.38995224,-0.3796566,-0.25939232,-0.23141904,-0.19131202,-0.1521444,-0.11871432,-0.097026005,-0.077505745,-0.039502446,-0.025196029,-0.03889547,-0.052685685,-0.06824059,-0.09442485,-0.13424326,-0.17916298,-0.20816033,-0.23273076,-0.4517967,-0.42408845,-0.52033967,-3714.285,-9999.004,0.37455347,-285.34998,0.31548828,-9999.004,0.34216568,0.38537952,0.43555912,0.48718083,0.53182596,0.5714348,0.59914196,0.6116361,0.6206315,0.61682725,0.58153963,0.5450521,0.5042011,0.46945468,0.42964488,0.39162382,0.36764705,0.34335953,0.31988734,0.33763337,0.3424241,0.33809125,0.34840265,0.37220418,0.36967257,0.3880647,0.40250286,0.4170857,0.43568447,0.44798708,-3713.639,-9999.004,0.829964,-0.41178247,0.54172254,-0.71741986,-0.40270987,-0.368597,0.54565734,-0.57426906,0.3796364
18,-0.16390683,-0.190992,-134.42416,-0.24057017,-0.23009294,-0.22184639,-0.21695563,-0.19080845,-0.1401469,-0.09253291,-0.06494018,-0.033116374,-0.002758565,0.015092259,0.017115796,-0.009774216,-0.018346755,-0.035776973,-0.07050491,-0.08456728,-0.07677853,-0.101576634,-0.1294618,-0.17376252,-0.21746007,-134.45746,-0.27149302,-0.27050862,-33.79931,-0.23542717,-9999.008,-201.5074,-167.93582,-0.16470729,-0.15915173,-1006.7539,-0.027171446,-0.05911016,-134.31187,-0.10033047,-0.097159795,-0.06880047,-0.04767001,-0.03872228,-0.0017545022,0.023887252,0.044714972,0.07022306,0.09066952,0.10443724,0.13102691,0.11819897,0.12921564,0.13310407,0.11749325,0.0743253,0.06570032,0.057498537,0.05268723,0.04493348,0.033590913,-134.18141,0.028090388,0.022410115,-33.5448,0.003993305,-9999.008,-201.29034,-167.73647,0.02958759,0.023811046,-1006.601,0.25685388,0.2502262,-133.97728,0.25751176,0.27681088,0.28341863,0.30422005,0.32492408,0.3444889,0.35912958,0.38098583,0.42091495,0.4427479,0.4564079,0.47869304,0.49141365,0.5045207,0.5360527,0.5539409,0.5726451,0.57939005,0.57026285,0.5388601,0.5058882,0.47460252,-133.76779,0.4303149,0.4074435,-33.163017,0.36354944,-9999.008,-200.97505,-167.39806,0.3440954,0.3372047,-1006.3256,-0.27929047,-0.3116653,-134.50685,-0.13884759,-0.11756911,-0.07010167,-0.021969568,0.0012857821,0.008946398,0.0031308015,-0.025388507,-0.051136218,-0.14974332,-0.1507644,-0.049714517,-0.057168443,-0.058435135,-0.053235404,-0.040047303,-0.021229185,0.0022142758,0.04183315,0.060053397,0.063104846,0.06887808,-134.15158,0.06396321,0.036764424,-33.54696,-0.010335465,-9999.008,-201.62775,-168.01462,-0.36476472,-0.4084764,-1006.96686,-0.03983219,-0.063150406,-134.28748,-0.0808655,-0.06911757,-0.051815387,-0.029286277,-0.0055470513,0.01750599,0.044742756,0.07796576,0.10904531,0.14144862,0.16677006,0.17162988,0.1684209,0.16083926,0.1534535,0.13785522,0.11688079,0.097763404,0.06430183,0.021395063,0.033250663,0.029598236,-134.20467,-0.01276494,0.005802049,-33.572212,-0.0073320763,-9999.008,-201.31119,-167.75066,0.016698966,0.013033843,-1006.6145,0.33374637,-0.40697798,0.20030974,-0.54023856,0.16554445,-0.40892917,0.25926036,-0.65076727,0.27951047
19,-0.027860336,-0.09036408,-0.14267439,-0.174228,-0.16387816,-0.16374429,-0.16978537,-0.15731688,-0.1263043,-0.08648981,-0.05499682,0.00093446847,0.08570517,0.17798878,0.26345637,0.31433278,0.36869976,0.41003665,0.42374635,0.43853,0.4745811,0.47815025,0.48740566,0.5034007,0.5228347,0.53986776,0.5918089,0.6049657,0.6190145,0.5859564,0.49317884,0.41333094,0.3023028,0.18925816,0.09463797,0.012201696,-0.019871471,-0.08222566,-0.14672175,-0.16765887,-0.18387425,-0.16714956,-0.15497755,-0.14588575,-0.108129114,-0.068833865,-0.016390275,0.062320154,0.14843775,0.23007062,0.33164918,0.3896946,0.4615658,0.5026551,0.51544094,0.50031465,0.51109415,0.52555406,0.5527389,0.5751047,0.5871108,0.61028886,0.64680374,0.6488074,0.6285006,0.5925602,0.5115258,0.44432798,0.33475378,0.23805287,0.13723531,0.052417062,-0.17337535,-0.24541223,-0.30560732,-0.31738153,-0.32743958,-0.32295644,-0.30413014,-0.27066565,-0.22695367,-0.17858335,-0.10086432,0.010896573,0.11572187,0.20315658,0.2893559,0.34808618,0.39312923,0.43337768,0.44913787,0.46769944,0.47592324,0.48118082,0.47348228,0.46664152,0.46719158,0.48318818,0.4820056,0.4855557,0.48264214,0.44601452,0.40107694,0.31788597,0.23676491,0.11440871,0.0014710735,-0.099958695,-0.8106847,-0.8363554,-0.84721786,-0.83070195,-0.83077985,-0.81178206,-0.78483135,-0.75123507,-0.7235671,-0.68215,-0.62846786,-0.58683544,-0.6038177,-0.6003722,-0.5628695,-0.58180207,-0.59408146,-0.5963489,-0.593495,-0.5826963,-0.56293434,-0.537389,-0.5324175,-0.5449114,-0.56846064,-0.5952563,-0.6374857,-0.68847436,-0.72862315,-0.7450068,-0.74487555,-0.8048816,-0.77675134,-0.80698407,-0.82374734,-0.8296102,-0.10201468,-0.1696968,-0.21725248,-0.24819472,-0.25576332,-0.25110444,-0.23375759,-0.21172704,-0.18479444,-0.14040422,-0.06939001,0.017919369,0.121380724,0.22577026,0.30956012,0.37676835,0.42587274,0.46275714,0.48278174,0.49044448,0.50016415,0.50535625,0.51463073,0.54669946,0.56438273,0.5809348,0.6110249,0.63584006,0.623064,0.5787302,0.50043875,0.4053076,0.2923938,0.17999595,0.0707732,-0.033649493,0.00858829,-0.31466815,0.35629982,0.25119075,0.71692735,-0.37721437,0.54931736,-0.39080647,-0.7909772
20,-0.2890722,-0.3069558,-0.33293176,-0.35155314,-0.34645823,-0.36124393,-0.38821787,-0.4075462,-0.40981996,-0.4133644,-0.42890346,-0.4347129,-0.43939403,-0.45113465,-0.46270078,-0.47510964,-0.45573115,-0.4132009,-0.34615067,-0.21584865,-0.020957833,0.16673462,0.33674306,0.45092964,0.49756712,0.4788067,0.4398706,0.32920384,0.20935267,0.069388166,-0.07186172,-0.14640239,-0.21084972,-0.25762284,-0.28236532,-0.3000572,-0.310565,-0.33591312,-0.38385653,-0.38625708,-0.40669036,-0.40140036,-0.4179526,-0.4452591,-0.45769998,-0.47419852,-0.48824877,-0.49311143,-0.50653815,-0.5116509,-0.49457058,-0.47969523,-0.4300584,-0.33697549,-0.22495915,-0.09717951,0.08138981,0.24712828,0.38551342,0.47010422,0.49131927,0.47970587,0.4444058,0.35395172,0.22308818,0.08916342,-0.045761578,-0.113801636,-0.18566833,-0.23435938,-0.26765376,-0.29040313,-0.49299535,-0.5194542,-0.54568464,-0.53611225,-0.55524725,-0.5795597,-0.5992042,-0.6122674,-0.6254295,-0.6488246,-0.66507316,-0.6577147,-0.6405597,-0.6371545,-0.6065184,-0.55756456,-0.44858125,-0.29915503,-0.13862419,0.01890795,0.15117137,0.2512038,0.30297482,0.31753626,0.31707704,0.30970588,0.25496888,0.18751593,0.10361424,0.0005065022,-0.088491745,-0.17703566,-0.25771004,-0.3431949,-0.40619957,-0.45156983,-0.8652102,-0.8858664,-0.8927769,-0.88503075,-0.8938814,-0.9001693,-0.90499115,-0.9050738,-0.9154691,-0.91855514,-0.9106083,-0.9025554,-0.89331764,-0.8650711,-0.80253124,-0.71940196,-0.6099029,-0.5048814,-0.43040082,-0.40738675,-0.43063343,-0.4868206,-0.573583,-0.6542139,-0.704119,-0.72117776,-0.72201174,-0.70734817,-0.68118507,-0.653035,-0.6486559,-0.7524229,-0.7511046,-0.80989814,-0.842516,-0.85821426,-0.42142275,-0.44200408,-0.46283248,-0.4772706,-0.48938727,-0.5077387,-0.5237862,-0.5450311,-0.57113975,-0.5887583,-0.59130925,-0.59105235,-0.5834356,-0.573067,-0.5606234,-0.5333288,-0.48484662,-0.40344563,-0.29240894,-0.14331044,0.027580623,0.18607342,0.31683046,0.4284492,0.46308422,0.44357136,0.39378205,0.31788358,0.17502375,0.04098148,-0.087499365,-0.18770923,-0.26677135,-0.32510936,-0.36704552,-0.40730155,-0.5429787,0.5119527,-0.045232203,0.29890552,0.6123382,-0.08273293,-0.6581157,-0.41429415,0.058928017
21,-0.18847817,-0.2196207,-0.25593445,-0.28200763,-0.28193113,-0.29962724,-0.32731548,-0.3427313,-0.33917633,-0.33367717,-0.33924723,-0.33030778,-0.30818474,-0.28169823,-0.24098521,-0.19493811,-0.11400817,-0.019748153,0.07039821,0.17242444,0.29236066,0.37083703,0.44052228,0.50111574,0.5475505,0.57075936,0.6015921,0.5566433,0.48285636,0.35474187,0.19357085,0.084121555,-0.01798188,-0.09815283,-0.1497133,-0.18742259,-0.20411591,-0.2438203,-0.3011242,-0.3132966,-0.3386721,-0.33662963,-0.35169816,-0.3728012,-0.37291038,-0.37584928,-0.37302798,-0.35276666,-0.3266059,-0.2800944,-0.19505206,-0.11763457,-0.016190236,0.08322775,0.1611844,0.21416426,0.2950549,0.36986503,0.44301036,0.49898934,0.53132975,0.5581682,0.5796451,0.5432222,0.4595209,0.34876698,0.20512475,0.10937533,0.00527218,-0.06815975,-0.12585643,-0.1691194,-0.40563154,-0.44647196,-0.4826784,-0.4827096,-0.50658476,-0.5292902,-0.54150134,-0.5417481,-0.5387352,-0.541602,-0.52776456,-0.47611094,-0.40289202,-0.32884026,-0.23362355,-0.14230013,-0.0413683,0.051557217,0.118022405,0.17977653,0.22662356,0.2598524,0.2775195,0.28902808,0.31006515,0.34279463,0.33820194,0.31718254,0.2684729,0.17994538,0.089469135,-0.016262654,-0.113917276,-0.22067197,-0.30258304,-0.36614653,-0.88257927,-0.9018643,-0.9087733,-0.9035563,-0.9096521,-0.9087481,-0.90334743,-0.88962084,-0.886055,-0.87367606,-0.8425395,-0.80079633,-0.7648818,-0.70420086,-0.61475515,-0.5787075,-0.56420326,-0.5728705,-0.5988768,-0.6264955,-0.64582264,-0.6596424,-0.68587625,-0.72101516,-0.75118726,-0.77129716,-0.79167783,-0.803775,-0.7963774,-0.76907384,-0.7487229,-0.8122169,-0.8038844,-0.8471951,-0.8724408,-0.8857037,-0.31279933,-0.34913647,-0.38132855,-0.40506938,-0.4229585,-0.44204912,-0.45487913,-0.46738407,-0.48059377,-0.48242185,-0.464363,-0.43446165,-0.38407907,-0.31709823,-0.24273401,-0.15842107,-0.07156713,0.01707477,0.09861759,0.17702347,0.2548297,0.31834763,0.3748816,0.45095482,0.49637613,0.52091384,0.53609437,0.51903427,0.43025514,0.30947787,0.16859102,0.04064304,-0.0712942,-0.15880144,-0.2262838,-0.28716594,-0.31767863,0.04712124,0.10799923,0.38730642,0.6529836,-0.6314518,-0.71735436,-0.4768715,-0.5717876
22,0.13170771,0.0490188,-0.020883331,-0.061055508,-0.05355535,-0.042886227,-0.02645937,0.021798374,0.09922559,0.19230245,0.26713413,0.34800276,0.42954314,0.49218965,0.52494586,0.5179596,0.5236876,0.52598894,0.5074844,0.49631318,0.5120822,0.4970041,0.48999712,0.49076387,0.49427205,0.49418333,0.5315689,0.5432122,0.57307553,0.5805775,0.5512884,0.539155,0.4827488,0.40085766,0.3113091,0.2098492,0.19180344,0.1075702,0.02776778,-0.0050279917,-0.021376787,0.008583962,0.058159307,0.113629706,0.2103281,0.29340073,0.36477393,0.439196,0.49972454,0.5362371,0.5922454,0.6007497,0.6343291,0.6426167,0.632586,0.5991766,0.59429294,0.5936749,0.6064784,0.61390233,0.61069286,0.6181437,0.6428357,0.6432391,0.6388258,0.6408124,0.6143245,0.6081569,0.5535151,0.49678153,0.40128866,0.29895508,0.08557892,-0.01264011,-0.09661257,-0.117267415,-0.116306365,-0.08715345,-0.03067282,0.04801248,0.13340786,0.21818118,0.31083548,0.40188864,0.4620358,0.5084195,0.5556792,0.5834693,0.5978883,0.6168793,0.6189203,0.6301577,0.63052356,0.6289077,0.6158788,0.6063249,0.6005535,0.6037228,0.59415174,0.59187895,0.5952209,0.5831353,0.575894,0.5265972,0.49059704,0.39749628,0.29588497,0.18049426,-0.7113235,-0.7466229,-0.7584815,-0.7213029,-0.70710087,-0.66440773,-0.61007327,-0.55736566,-0.51882076,-0.4914035,-0.48048785,-0.49854648,-0.570776,-0.5876323,-0.54416394,-0.54312956,-0.534848,-0.51912,-0.49983966,-0.47767285,-0.4510154,-0.41597798,-0.40271044,-0.40871972,-0.42672744,-0.44570637,-0.4818596,-0.53339183,-0.58053446,-0.6106802,-0.63364923,-0.7430933,-0.7185344,-0.7536235,-0.7665073,-0.76072115,0.13173164,0.037606925,-0.029022481,-0.06896132,-0.07503359,-0.050600052,0.0027262273,0.07351437,0.15609497,0.24732983,0.3429882,0.42641893,0.49930358,0.5590622,0.589227,0.6067568,0.6142672,0.6195428,0.6170729,0.60549825,0.5998793,0.5909577,0.58790255,0.6024731,0.60420215,0.6054723,0.6235245,0.6451432,0.64719063,0.64022034,0.61860234,0.5853669,0.5287469,0.45455807,0.3547695,0.23676777,0.24290246,-0.45957708,0.5251952,-0.049614567,0.7665447,-0.0260901,0.52655333,-0.62128085,0.60090816
23,-0.08591505,-0.14446518,-0.19977666,-0.23794276,-0.23700064,-0.24724218,-0.26601136,-0.269734,-0.25445512,-0.23348312,-0.21859181,-0.18005133,-0.111428015,-0.027386587,0.06934525,0.14946695,0.23983604,0.31633145,0.36369088,0.40629086,0.4639331,0.48450857,0.50659555,0.5319847,0.55688757,0.5755693,0.6249421,0.6248827,0.6156114,0.55398893,0.43456313,0.33437148,0.21471062,0.10364844,0.017314952,-0.054155625,-0.08840496,-0.15221798,-0.22438294,-0.24941935,-0.27507037,-0.26879427,-0.27276695,-0.28051135,-0.26284143,-0.24282897,-0.20880115,-0.14392261,-0.060585093,0.036555357,0.16122507,0.24939299,0.34822175,0.41631725,0.45259666,0.4579817,0.486505,0.5136649,0.5494424,0.5772262,0.59151614,0.6141131,0.6479821,0.64263916,0.6088506,0.55203754,0.44719735,0.36229098,0.24460322,0.14630152,0.053804096,-0.023142602,-0.26463833,-0.3328483,-0.38906634,-0.40336013,-0.42697194,-0.4405326,-0.43866965,-0.42199695,-0.39922735,-0.3746387,-0.3165724,-0.2098181,-0.08745489,0.026933432,0.14406984,0.23142788,0.30127946,0.35753846,0.38384652,0.4104761,0.425973,0.43705574,0.43491107,0.43177196,0.43696898,0.45682254,0.45552906,0.45545313,0.44095027,0.3865648,0.32403386,0.22850427,0.13659362,0.012857882,-0.09723868,-0.19512877,-0.8424899,-0.8664903,-0.8742811,-0.8637816,-0.8697775,-0.8620842,-0.8451317,-0.8185443,-0.8007553,-0.7693246,-0.7134617,-0.6487914,-0.6230104,-0.5813542,-0.5146498,-0.5296522,-0.5563369,-0.58058864,-0.60183084,-0.6100231,-0.6020028,-0.585376,-0.58700687,-0.6052011,-0.6303581,-0.6571412,-0.6955251,-0.73608756,-0.7639026,-0.7686881,-0.761428,-0.8150181,-0.79010046,-0.82276994,-0.8431896,-0.85378283,-0.18129532,-0.24689019,-0.29799125,-0.33479682,-0.35325617,-0.3640956,-0.36402115,-0.36072743,-0.355213,-0.33278942,-0.28085366,-0.20489931,-0.100136325,0.018638747,0.12892167,0.227384,0.3070465,0.37013176,0.41323456,0.44157633,0.46863016,0.48729628,0.50662106,0.5458619,0.56771284,0.5855343,0.6135895,0.630049,0.5995889,0.5312674,0.42826352,0.313937,0.19133238,0.07787871,-0.024632256,-0.12097769,-0.096399374,-0.12072936,0.27374342,0.42172423,0.68877935,-0.58818585,0.43793237,-0.24771442,-0.7566208
24,-9986.271,-9986.271,-9986.271,-9986.271,-9986.271,-9986.271,-9986.271,-9986.271,-9986.271,-9986.271,-9986.271,-9986.271,-9986.271,-9986.271,-9986.271,-9986.271,-9986.271,-9986.271,-9986.271,-9986.271,-9986.271,-9986.271,-9986.271,-9986.271,-9986.271,-9986.271,-9986.271,-9986.271,-9986.271,-9986.271,-9986.271,-9986.271,-9986.271,-9986.271,-9986.271,-9986.271,-9986.271,-9986.271,-9986.271,-9986.271,-9986.271,-9986.271,-9986.271,-9986.271,-9986.271,-9986.271,-9986.271,-9986.271,-9986.271,-9986.271,-9986.271,-9986.271,-9986.271,-9986.271,-9986.271,-9986.271,-9986.271,-9986.271,-9986.271,-9986.271,-9986.271,-9986.271,-9986.271,-9986.271,-9986.271,-9986.271,-9986.271,-9986.271,-9986.271,-9986.271,-9986.271,-9986.271,-9986.271,-9986.271,-9986.271,-9986.271,-9986.271,-9986.271,-9986.271,-9986.271,-9986.271,-9986.271,-9986.271,-9986.271,-9986.271,-9986.271,-9986.271,-9986.271,-9986.271,-9986.271,-9986.271,-9986.271,-9986.271,-9986.271,-9986.271,-9986.271,-9986.271,-9986.271,-9986.271,-9986.271,-9986.271,-9986.271,-9986.271,-9986.271,-9986.271,-9986.271,-9986.271,-9986.271,-9986.271,-9986.271,-9986.271,-9986.271,-9986.271,-9986.271,-9986.271,-9986.271,-9986.271,-9986.271,-9986.271,-9986.271,-9986.271,-9986.271,-9986.271,-9986.271,-9986.271,-9986.271,-9986.271,-9986.271,-9986.271,-9986.271,-9986.271,-9986.271,-9986.271,-9986.271,-9986.271,-9986.271,-9986.271,-9986.271,-9986.271,-9986.271,-9986.271,-9986.271,-9986.271,-9986.271,-9986.271,-9986.271,-9986.271,-9986.271,-9986.271,-9986.271,-9986.271,-9986.271,-9986.271,-9986.271,-9986.271,-9986.271,-9986.271,-9986.271,-9986.271,-9986.271,-9986.271,-9986.271,-9986.271,-9986.271,-9986.271,-9986.271,-9986.271,-9986.271,-9986.271,-9986.271,-9986.271,-9986.271,-9986.271,-9986.271,-9986.271,-9986.271,-9986.271,-9986.271,-9986.271,-9986.271,0.22722389,0.16268086,-9986.271,-9986.271,-9986.271,-9986.271,-9986.271,-9986.271,-9986.271
25,0.35963428,0.27874535,0.21085154,0.17291103,0.17211032,0.16949381,0.16367628,0.19536762,0.27230486,0.3743048,0.45427936,0.53104603,0.606804,0.6648047,0.6940319,0.6787798,0.6765748,0.672849,0.64938104,0.6326512,0.64435405,0.6268949,0.61918545,0.62476975,0.6361156,0.64165556,0.6853158,0.6934151,0.72041935,0.72638315,0.694402,0.68527544,0.6415108,0.5774101,0.50630707,0.4185189,0.38512868,0.31115016,0.23829094,0.21076608,0.19611129,0.21474348,0.25099507,0.28712538,0.3664817,0.43613964,0.5026169,0.576061,0.635086,0.66634244,0.7214356,0.72965425,0.76474637,0.76795727,0.7529051,0.7143465,0.7030165,0.69818157,0.71088415,0.72073483,0.7213436,0.73429793,0.7641143,0.7622546,0.7572292,0.75771123,0.72847944,0.7184845,0.66386133,0.6221986,0.55016506,0.47418135,0.251919,0.17403227,0.09876175,0.077153616,0.07018833,0.08656804,0.12477992,0.1789765,0.24485567,0.31538576,0.4004067,0.4944707,0.5587861,0.60613185,0.65276396,0.6818693,0.6979145,0.7196788,0.72180015,0.73152035,0.7286334,0.7228927,0.70362705,0.6873925,0.6740832,0.6689548,0.6568205,0.6512463,0.6532137,0.6404911,0.63993263,0.59824437,0.5721664,0.48922795,0.41140023,0.3289679,-0.7540804,-0.77171713,-0.77771705,-0.74100226,-0.72562796,-0.6838104,-0.62800705,-0.582558,-0.5653614,-0.57129204,-0.5827508,-0.5988614,-0.6502454,-0.6585076,-0.6215304,-0.6157559,-0.598069,-0.5729275,-0.5478235,-0.5228216,-0.49548265,-0.4653438,-0.45841035,-0.4736381,-0.50137025,-0.5310574,-0.5739912,-0.6263443,-0.6713058,-0.7003393,-0.719338,-0.80541825,-0.7927954,-0.8238357,-0.8270388,-0.8056407,0.3465627,0.26439297,0.20371294,0.16916408,0.15755227,0.16929463,0.20275834,0.25180954,0.31864163,0.40078378,0.49301,0.5756547,0.64671934,0.70277596,0.7292295,0.74456304,0.75076544,0.7541327,0.7500724,0.73422676,0.72456455,0.7146585,0.7138608,0.7238691,0.72344273,0.72773015,0.7496956,0.76701486,0.7707624,0.7593378,0.73608756,0.70471984,0.65461004,0.5960619,0.5207973,0.43115348,0.31172463,0.13607202,0.65880394,-0.17322536,0.76307714,-0.100663565,0.50097406,-0.7438983,0.1749268
26,-9986.455,-9986.455,-9986.455,-9986.455,-9986.455,-9986.455,-9986.455,-9986.455,-9986.455,-9986.455,-9986.455,-9986.455,-9986.455,-9986.455,-9986.455,-9986.455,-9986.455,-9986.455,-9986.455,-9986.455,-9986.455,-9986.455,-9986.455,-9986.455,-9986.455,-9986.455,-9986.455,-9986.455,-9986.455,-9986.455,-9986.455,-9986.455,-9986.455,-9986.455,-9986.455,-9986.455,-9986.455,-9986.455,-9986.455,-9986.455,-9986.455,-9986.455,-9986.455,-9986.455,-9986.455,-9986.455,-9986.455,-9986.455,-9986.455,-9986.455,-9986.455,-9986.455,-9986.455,-9986.455,-9986.455,-9986.455,-9986.455,-9986.455,-9986.455,-9986.455,-9986.455,-9986.455,-9986.455,-9986.455,-9986.455,-9986.455,-9986.455,-9986.455,-9986.455,-9986.455,-9986.455,-9986.455,-9986.455,-9986.455,-9986.455,-9986.455,-9986.455,-9986.455,-9986.455,-9986.455,-9986.455,-9986.455,-9986.455,-9986.455,-9986.455,-9986.455,-9986.455,-9986.455,-9986.455,-9986.455,-9986.455,-9986.455,-9986.455,-9986.455,-9986.455,-9986.455,-9986.455,-9986.455,-9986.455,-9986.455,-9986.455,-9986.455,-9986.455,-9986.455,-9986.455,-9986.455,-9986.455,-9986.455,-9986.455,-9986.455,-9986.455,-9986.455,-9986.455,-9986.455,-9986.455,-9986.455,-9986.455,-9986.455,-9986.455,-9986.455,-9986.455,-9986.455,-9986.455,-9986.455,-9986.455,-9986.455,-9986.455,-9986.455,-9986.455,-9986.455,-9986.455,-9986.455,-9986.455,-9986.455,-9986.455,-9986.455,-9986.455,-9986.455,-9986.455,-9986.455,-9986.455,-9986.455,-9986.455,-9986.455,-9986.455,-9986.455,-9986.455,-9986.455,-9986.455,-9986.455,-9986.455,-9986.455,-9986.455,-9986.455,-9986.455,-9986.455,-9986.455,-9986.455,-9986.455,-9986.455,-9986.455,-9986.455,-9986.455,-9986.455,-9986.455,-9986.455,-9986.455,-9986.455,-9986.455,-9986.455,-9986.455,-9986.455,-9986.455,-9986.455,-9986.455,-9986.455,-9986.455,-9986.455,-9986.455,-9986.455,0.22616094,0.1626815,-9986.455,-9986.455,-9986.455,-9986.455,-9986.455,-9986.455,-9986.455
27,-0.34340775,-0.3556671,-0.37583143,-0.39013553,-0.38128057,-0.39188167,-0.41468704,-7.9776416,-0.4336161,-4.9663525,-0.457704,-17.069254,-15.568836,-0.49429992,-5.040345,-0.53551567,-0.53362846,-0.518035,-0.4903384,-0.41373342,-0.2820553,-0.15592632,-0.032377113,-1.4555051,-4.434156,0.08803708,0.065924115,0.0014343081,-0.06694218,-74.10182,-0.24381275,-12.352288,-50.12056,-87.88337,-54.682713,-0.36166173,-0.3813439,-0.39790887,-0.43781683,-0.4330533,-0.44894597,-0.43878183,-0.45223305,-8.021169,-0.48558152,-5.030979,-0.52074975,-17.131475,-15.641325,-0.56224304,-5.0897145,-0.5729142,-0.5641092,-0.52340806,-0.47728106,-0.4215913,-0.29845527,-0.16326682,-0.039875597,-1.4626306,-4.442676,0.091893055,0.0730159,0.01225404,-0.08816863,-74.13112,-0.26353014,-12.361973,-50.13237,-87.89395,-54.69566,-0.37358102,-0.5955564,-0.60949093,-0.62108195,-0.59964985,-0.6114713,-0.6261566,-0.6371746,-8.18875,-0.64996386,-5.2012105,-0.6955746,-17.299683,-15.787046,-0.71290034,-5.2440934,-0.7190323,-0.67762744,-0.611845,-0.529636,-0.43062028,-0.33075577,-0.24871413,-0.18736003,-1.6643306,-4.656146,-0.097823285,-0.13567339,-0.18299948,-0.24796852,-74.28454,-0.3874171,-12.505346,-50.28738,-88.07243,-54.896324,-0.5848914,-0.9204921,-0.93124676,-0.9315113,-0.92356116,-0.9263074,-0.92482495,-0.9234277,-8.464052,-0.9217984,-5.449898,-0.91634,-17.518147,-16.011995,-0.9094281,-5.416646,-0.86592686,-0.82587135,-0.77855843,-0.7311778,-0.6943587,-0.67086697,-0.6669138,-0.68998474,-2.2284362,-5.2642,-0.73508364,-0.7334921,-0.73373055,-0.73798287,-74.70138,-0.7667989,-12.922568,-50.66201,-88.4288,-55.24743,-0.92163676,-0.50640124,-0.5169056,-0.5278138,-0.53438175,-0.5401468,-0.5517646,-0.56183213,-8.123705,-0.6007927,-5.1469913,-0.62649244,-17.23414,-15.7252865,-0.6347,-5.1697373,-0.647181,-0.64546674,-0.62492305,-0.5868246,-0.5086778,-0.40094966,-0.29288438,-0.19690879,-1.5712676,-4.5212836,0.007435983,-0.025378648,-0.061324872,-0.1760105,-74.20732,-0.33213428,-12.462161,-50.238678,-88.00642,-54.81532,-0.5095315,-0.66966325,0.088025525,-0.21268228,-0.18764107,0.56680137,-0.3192076,-0.6810931,-0.42949572,-0.055075854
28,-0.13582532,-0.18285316,-0.23165931,-0.2659968,-0.26602703,-0.27827203,-0.299849,-0.308424,-0.29906604,-0.28637373,-0.2842029,-0.26275408,-0.21600278,-0.1558947,-0.08070736,-0.012070739,0.07520004,0.15415704,0.20841324,0.26146153,0.33121496,0.36657852,0.40222648,0.43734762,0.47042447,0.49872565,0.5550727,0.56093913,0.54985166,0.47907284,0.34730524,0.23810324,0.11833118,0.014620538,-0.059599422,-0.11710539,-0.14748517,-0.20219348,-0.26855436,-0.2885353,-0.31473988,-0.31074104,-0.31979075,-0.333246,-0.32409653,-0.3161403,-0.29809746,-0.2537641,-0.19462948,-0.11567741,-0.0035967736,0.08179291,0.17691551,0.24859114,0.28952867,0.30095682,0.3403972,0.38040417,0.42764112,0.46655142,0.49262217,0.5250846,0.568244,0.5714246,0.53720206,0.47257808,0.35531658,0.26068693,0.14013782,0.04635351,-0.03342292,-0.09668438,-0.34723794,-0.40253475,-0.44672227,-0.4536459,-0.4762714,-0.49291286,-0.49695158,-0.48743296,-0.47459924,-0.46529278,-0.43032762,-0.34708673,-0.23809797,-0.13073808,-0.019043664,0.06740697,0.14183252,0.20011702,0.22706088,0.25107,0.26691675,0.28050658,0.286367,0.29203194,0.31151533,0.34897226,0.3599748,0.36794505,0.35311204,0.2920059,0.22036871,0.11799013,0.016438361,-0.10847914,-0.21251291,-0.29695943,-0.8761614,-0.8951701,-0.8986153,-0.8905408,-0.8943831,-0.8899132,-0.8795671,-0.8588939,-0.8481278,-0.826972,-0.7806704,-0.71910495,-0.67844903,-0.6187812,-0.53652465,-0.5362838,-0.556853,-0.5837487,-0.61236703,-0.62974894,-0.63077307,-0.621173,-0.62513065,-0.64187413,-0.6615762,-0.6826484,-0.71650195,-0.7544306,-0.78021663,-0.7820662,-0.77405494,-0.827739,-0.81252474,-0.8497122,-0.87284476,-0.8852943,-0.25113565,-0.30437425,-0.34696695,-0.37863463,-0.39695734,-0.41100535,-0.41627616,-0.41958642,-0.42334718,-0.41413844,-0.3800012,-0.32526544,-0.24165429,-0.14031117,-0.040950794,0.052378632,0.13051195,0.19369248,0.23749171,0.27010208,0.30357775,0.33024785,0.35797313,0.41638547,0.45564586,0.48550907,0.52351713,0.54953957,0.51605505,0.44112304,0.32614788,0.2013309,0.07487813,-0.034668647,-0.12595324,-0.2081898,-0.109610125,-0.06877607,0.17964785,0.34897375,0.66743875,-0.7236436,0.6124616,-0.20114715,-0.7388237
29,-0.25635764,-0.27865687,-0.30762032,-0.3287373,-0.3259807,-0.34179884,-0.36857578,-0.3868143,-0.38830388,-0.39054108,-0.4070012,-0.41173357,-0.40946883,-0.4107941,-0.4060974,-0.39920956,-0.35769498,-0.296874,-0.22808458,-0.12741306,0.0076809204,0.1169088,0.22156022,0.30862057,0.37180227,0.40185848,0.42617205,0.37853986,0.30336416,0.18141666,0.03467001,-0.05637383,-0.13917027,-0.20161228,-0.23799883,-0.26356265,-0.2882022,-0.31657287,-0.3656165,-0.3700714,-0.392053,-0.38772064,-0.4041335,-0.42814985,-0.43604335,-0.44927242,-0.4603331,-0.46106923,-0.4664097,-0.45868775,-0.4224636,-0.39040378,-0.33260995,-0.2545405,-0.18274085,-0.1179478,-0.0065137055,0.10472733,0.20991594,0.29313883,0.34623984,0.38299945,0.4036645,0.3660826,0.27722982,0.16719413,0.032967344,-0.048066232,-0.1358855,-0.19622134,-0.23847044,-0.26675907,-0.5086294,-0.5369739,-0.5618763,-0.5519008,-0.57075,-0.5910544,-0.6040907,-0.608887,-0.61358494,-0.6305694,-0.6410114,-0.6258358,-0.59540313,-0.57185704,-0.5265266,-0.47980854,-0.40340474,-0.31839082,-0.23828538,-0.15358269,-0.07486199,-0.0110166455,0.037969556,0.07292319,0.11418304,0.16437274,0.16286641,0.14102115,0.08780033,-0.0039075864,-0.094042614,-0.18993051,-0.28059548,-0.3718626,-0.43831936,-0.4858853,-0.91864777,-0.9331809,-0.9375782,-0.93348676,-0.93674964,-0.9361677,-0.9339692,-0.92330337,-0.92378575,-0.92185134,-0.9084973,-0.89309895,-0.87673295,-0.8385927,-0.78004193,-0.74139833,-0.7092303,-0.6891112,-0.68018734,-0.67870605,-0.678258,-0.683094,-0.70720506,-0.7423209,-0.77094334,-0.78403705,-0.7946223,-0.79817885,-0.7893335,-0.7699933,-0.7640414,-0.83464736,-0.838323,-0.88165516,-0.9062266,-0.9194056,-0.40668413,-0.4307409,-0.45316842,-0.4692151,-0.4825196,-0.49967095,-0.5131373,-0.52933645,-0.5501053,-0.56392,-0.5634339,-0.55838037,-0.54119366,-0.5157982,-0.48679286,-0.4485663,-0.40163895,-0.3404558,-0.2714122,-0.1829465,-0.08084467,0.0124271205,0.09821931,0.2177412,0.29336062,0.3282365,0.34120014,0.3250567,0.22716068,0.11332777,-0.016748425,-0.13049522,-0.22592077,-0.29744273,-0.34912533,-0.39545166,-0.42994034,0.010693806,-0.045481298,0.17515841,0.6024016,-0.38841027,-0.7523633,-0.5669108,-0.3716336
30,0.04666676,-0.029512947,-0.09244381,-0.13183513,-0.12364006,-0.117774665,-0.11292303,-0.085988216,-0.034249835,0.030846516,0.084035195,0.15210791,0.23041004,0.29814085,0.34362203,0.35221446,0.37185648,0.38643906,0.37941378,0.37849823,0.40170223,0.3925726,0.38836288,0.38714555,0.38572022,0.38070878,0.40964994,0.41703242,0.44270656,0.4496108,0.4212809,0.40936375,0.35401994,0.27806324,0.19867621,0.110481605,0.084559076,0.005958996,-0.06919448,-0.09480911,-0.109742664,-0.085751176,-0.056019608,-0.024762023,0.0402912,0.10058859,0.16198592,0.23683655,0.30383804,0.35486248,0.42342278,0.44637328,0.48788452,0.5052526,0.50136757,0.4736753,0.47463405,0.47933167,0.49425137,0.50224984,0.49789163,0.5027999,0.52362025,0.5242455,0.51757336,0.51668614,0.48726827,0.4781793,0.42019007,0.3598866,0.27138925,0.17984346,-0.03452079,-0.12117431,-0.19321012,-0.2088709,-0.21060239,-0.19029264,-0.14967398,-0.09008447,-0.023402153,0.04254189,0.12312629,0.21583012,0.28818703,0.3440362,0.40118906,0.4384872,0.4657307,0.49502495,0.50558835,0.52177656,0.5264993,0.5264735,0.5120489,0.49659026,0.48568386,0.486977,0.4712897,0.46730548,0.46914524,0.4541302,0.441635,0.39045626,0.34651268,0.2536925,0.15501516,0.05032084,-0.7439249,-0.77435625,-0.7832259,-0.7488315,-0.7386431,-0.70124036,-0.65159756,-0.6003592,-0.56027085,-0.5264271,-0.5035651,-0.5040794,-0.55957156,-0.5675179,-0.5185988,-0.51771903,-0.51059616,-0.4961532,-0.479712,-0.46042392,-0.43573445,-0.4033847,-0.3927724,-0.39943224,-0.4170536,-0.4342121,-0.4672234,-0.51403314,-0.55991507,-0.5946267,-0.62784237,-0.74492735,-0.72755784,-0.7677467,-0.7856537,-0.78488636,0.016270218,-0.0686874,-0.12812465,-0.16340685,-0.16832578,-0.1523418,-0.11658322,-0.070566915,-0.016967518,0.04974716,0.13072401,0.21166028,0.29197386,0.36395627,0.4097308,0.4415889,0.46115822,0.47564626,0.47966352,0.47467908,0.47339356,0.46613705,0.46067348,0.47930825,0.4821441,0.47827998,0.48879567,0.51003957,0.50628895,0.5009377,0.4776586,0.44140232,0.38179427,0.3080264,0.21495806,0.10731307,0.25327185,-0.3360365,0.401478,-0.035319567,0.7459888,-0.17055947,0.49633977,-0.6548702,0.7036134
31,-0.2593543,-0.29068413,-0.3246194,-0.34849286,-0.33993456,-0.3460409,-0.36024615,-0.36021432,-0.33956128,-0.31484273,-0.30113164,-0.27354002,-0.23344027,-0.19678622,-0.16381603,-0.14539228,-0.11382698,-0.09234247,-0.0948586,-0.09574493,-0.08261196,-0.10641766,-0.137052,-0.1839352,-0.24393816,-0.30057123,-0.33230495,-0.34319425,-0.3266608,-0.3066419,-0.29740664,-0.25331387,-0.23885153,-0.24091929,-0.24541686,-0.26093796,-0.19114533,-0.22522797,-0.27329117,-0.28084227,-0.29751515,-0.2864089,-0.2906235,-0.3014825,-0.28985834,-0.27818638,-0.25635368,-0.213654,-0.1695189,-0.12148433,-0.054247867,-0.021960853,0.020635055,0.047864556,0.043758024,0.008780937,0.0012884997,-0.008984626,-0.02025386,-0.04063292,-0.0690047,-0.09091259,-0.09874039,-0.10150653,-0.11784768,-0.11287388,-0.11839225,-0.09208916,-0.103600785,-0.11801638,-0.13754258,-0.15899812,0.02382956,0.009267927,-0.0056040115,0.015015567,0.032859392,0.04858705,0.07094638,0.10370937,0.13627927,0.16493905,0.20765835,0.26364928,0.3037092,0.33588576,0.37519932,0.40502426,0.43224338,0.46449375,0.48081234,0.49789068,0.49718523,0.4801813,0.43707457,0.38723055,0.3405158,0.30963936,0.25604603,0.22146375,0.20206474,0.1803971,0.18325898,0.17062125,0.17183435,0.14197636,0.12225141,0.106679365,-0.3971942,-0.4262652,-0.40517408,-0.27379194,-0.24074301,-0.17723516,-0.099588245,-0.041239485,0.0033302975,0.03240153,0.040723216,0.0370031,-0.065174736,-0.076986164,0.017662218,-0.0088856835,-0.037963938,-0.05305636,-0.058220755,-0.052970547,-0.03826451,-0.0063883434,0.0019064895,0.0005982214,0.0030240845,0.0101164775,0.0013612112,-0.030668244,-0.06954598,-0.10153816,-0.14376657,-0.39979267,-0.36113915,-0.45887566,-0.49455673,-0.4755877,-0.21846785,-0.24452652,-0.26369402,-0.2749293,-0.2757825,-0.27463982,-0.2690116,-0.26416442,-0.25943193,-0.24270472,-0.20793131,-0.16463113,-0.10984095,-0.0528664,-0.008970236,0.02659998,0.051430225,0.06836062,0.06872788,0.057495896,0.03904001,0.00044693679,-0.053761087,-0.051872186,-0.06913405,-0.1131385,-0.14832091,-0.13443184,-0.16546756,-0.14372998,-0.13251585,-0.12681454,-0.13087942,-0.14159122,-0.15803099,-0.18556213,0.1446087,-0.20170312,0.059473123,-0.38913554,0.45697302,-0.4068446,0.16710375,-0.5632807,0.27062246
32,-9986.455,-9986.455,-9986.455,-9986.455,-9986.455,-9986.455,-9986.455,-9986.455,-9986.455,-9986.455,-9986.455,-9986.455,-9986.455,-9986.455,-9986.455,-9986.455,-9986.455,-9986.455,-9986.455,-9986.455,-9986.455,-9986.455,-9986.455,-9986.455,-9986.455,-9986.455,-9986.455,-9986.455,-9986.455,-9986.455,-9986.455,-9986.455,-9986.455,-9986.455,-9986.455,-9986.455,-9986.455,-9986.455,-9986.455,-9986.455,-9986.455,-9986.455,-9986.455,-9986.455,-9986.455,-9986.455,-9986.455,-9986.455,-9986.455,-9986.455,-9986.455,-9986.455,-9986.455,-9986.455,-9986.455,-9986.455,-9986.455,-9986.455,-9986.455,-9986.455,-9986.455,-9986.455,-9986.455,-9986.455,-9986.455,-9986.455,-9986.455,-9986.455,-9986.455,-9986.455,-9986.455,-9986.455,-9986.455,-9986.455,-9986.455,-9986.455,-9986.455,-9986.455,-9986.455,-9986.455,-9986.455,-9986.455,-9986.455,-9986.455,-9986.455,-9986.455,-9986.455,-9986.455,-9986.455,-9986.455,-9986.455,-9986.455,-9986.455,-9986.455,-9986.455,-9986.455,-9986.455,-9986.455,-9986.455,-9986.455,-9986.455,-9986.455,-9986.455,-9986.455,-9986.455,-9986.455,-9986.455,-9986.455,-9986.455,-9986.455,-9986.455,-9986.455,-9986.455,-9986.455,-9986.455,-9986.455,-9986.455,-9986.455,-9986.455,-9986.455,-9986.455,-9986.455,-9986.455,-9986.455,-9986.455,-9986.455,-9986.455,-9986.455,-9986.455,-9986.455,-9986.455,-9986.455,-9986.455,-9986.455,-9986.455,-9986.455,-9986.455,-9986.455,-9986.455,-9986.455,-9986.455,-9986.455,-9986.455,-9986.455,-9986.455,-9986.455,-9986.455,-9986.455,-9986.455,-9986.455,-9986.455,-9986.455,-9986.455,-9986.455,-9986.455,-9986.455,-9986.455,-9986.455,-9986.455,-9986.455,-9986.455,-9986.455,-9986.455,-9986.455,-9986.455,-9986.455,-9986.455,-9986.455,-9986.455,-9986.455,-9986.455,-9986.455,-9986.455,-9986.455,-9986.455,-9986.455,-9986.455,-9986.455,-9986.455,-9986.455,0.5214795,-0.32164693,-0.08185141,-0.7146551,0.4577947,-0.5606629,0.4809069,-0.70583034,0.33510503
33,-9985.1455,-9985.1455,-9985.1455,-9985.1455,-9985.1455,-9985.1455,-9985.1455,-9985.1455,-9985.1455,-9985.1455,-9985.1455,-9985.1455,-9985.1455,-9985.1455,-9985.1455,-9985.1455,-9985.1455,-9985.1455,-9985.1455,-9985.1455,-9985.1455,-9985.1455,-9985.1455,-9985.1455,-9985.1455,-9985.1455,-9985.1455,-9985.1455,-9985.1455,-9985.1455,-9985.1455,-9985.1455,-9985.1455,-9985.1455,-9985.1455,-9985.1455,-9985.1455,-9985.1455,-9985.1455,-9985.1455,-9985.1455,-9985.1455,-9985.1455,-9985.1455,-9985.1455,-9985.1455,-9985.1455,-9985.1455,-9985.1455,-9985.1455,-9985.1455,-9985.1455,-9985.1455,-9985.1455,-9985.1455,-9985.1455,-9985.1455,-9985.1455,-9985.1455,-9985.1455,-9985.1455,-9985.1455,-9985.1455,-9985.1455,-9985.1455,-9985.1455,-9985.1455,-9985.1455,-9985.1455,-9985.1455,-9985.1455,-9985.1455,-9985.1455,-9985.1455,-9985.1455,-9985.1455,-9985.1455,-9985.1455,-9985.1455,-9985.1455,-9985.1455,-9985.1455,-9985.1455,-9985.1455,-9985.1455,-9985.1455,-9985.1455,-9985.1455,-9985.1455,-9985.1455,-9985.1455,-9985.1455,-9985.1455,-9985.1455,-9985.1455,-9985.1455,-9985.1455,-9985.1455,-9985.1455,-9985.1455,-9985.1455,-9985.1455,-9985.1455,-9985.1455,-9985.1455,-9985.1455,-9985.1455,-9985.1455,-9985.1455,-9985.1455,-9985.1455,-9985.1455,-9985.1455,-9985.1455,-9985.1455,-9985.1455,-9985.1455,-9985.1455,-9985.1455,-9985.1455,-9985.1455,-9985.1455,-9985.1455,-9985.1455,-9985.1455,-9985.1455,-9985.1455,-9985.1455,-9985.1455,-9985.1455,-9985.1455,-9985.1455,-9985.1455,-9985.1455,-9985.1455,-9985.1455,-9985.1455,-9985.1455,-9985.1455,-9985.1455,-9985.1455,-9985.1455,-9985.1455,-9985.1455,-9985.1455,-9985.1455,-9985.1455,-9985.1455,-9985.1455,-9985.1455,-9985.1455,-9985.1455,-9985.1455,-9985.1455,-9985.1455,-9985.1455,-9985.1455,-9985.1455,-9985.1455,-9985.1455,-9985.1455,-9985.1455,-9985.1455,-9985.1455,-9985.1455,-9985.1455,-9985.1455,-9985.1455,-9985.1455,-9985.1455,-9985.1455,-9985.1455,-9985.1455,-9985.1455,-9985.1455,-9985.1455,-9985.1455,-9985.1455,-9985.1455,-9985.1455,0.22696298,0.162013,-9985.1455,-9985.1455,-9985.1455,-9985.1455,-9985.1455,-9985.1455,-9985.1455
34,-0.046175204,-0.103109546,-0.15196034,-0.18590587,-0.17637444,-0.18068653,-0.19380425,-0.19157138,-0.16995803,-0.1417537,-0.12714167,-0.09192121,-0.034630712,0.030297574,0.09469841,0.135017,0.18213826,0.21778798,0.22910379,0.2455008,0.28279448,0.2898243,0.299841,0.30998212,0.31878382,0.32520425,0.36234054,0.3736599,0.39234096,0.37640938,0.31456232,0.2684842,0.19353288,0.115458064,0.049376708,-0.014635619,-0.045845713,-0.10406976,-0.16806933,-0.1840425,-0.19841743,-0.18411714,-0.18006812,-0.18359716,-0.16236174,-0.14026536,-0.10645159,-0.047060188,0.02171097,0.09190068,0.18173,0.23217306,0.2937048,0.32933322,0.3378172,0.31963918,0.3316543,0.34816247,0.3741415,0.39311838,0.39996183,0.415003,0.44252196,0.4482734,0.43571368,0.41545737,0.35564053,0.31175086,0.22797526,0.15582986,0.08067751,0.015707877,-0.2173125,-0.2772104,-0.32602274,-0.3289348,-0.3377987,-0.3381639,-0.32784668,-0.3059649,-0.27918315,-0.25027588,-0.1934604,-0.09867678,-0.0046668,0.07442812,0.1551901,0.21215656,0.25842303,0.29817763,0.3137859,0.33118662,0.33874312,0.34146464,0.3309558,0.3182857,0.31503472,0.330654,0.32048306,0.32168669,0.31957465,0.28792366,0.2524906,0.18757777,0.120954625,0.019112948,-0.07428298,-0.15854727,-0.8303019,-0.8493175,-0.8544493,-0.8297293,-0.828524,-0.8076989,-0.7802968,-0.7511637,-0.73117316,-0.70061445,-0.65331215,-0.607662,-0.6084473,-0.5857826,-0.5264866,-0.5272608,-0.52709097,-0.52171963,-0.51576155,-0.5066945,-0.49043697,-0.4675379,-0.46516207,-0.47790647,-0.49677336,-0.51574206,-0.55197144,-0.60135984,-0.6486315,-0.6799497,-0.7072901,-0.7967601,-0.78623086,-0.8256267,-0.8461184,-0.8522077,-0.13276128,-0.19310255,-0.23619556,-0.26280224,-0.26858282,-0.26832464,-0.25991797,-0.2509005,-0.24052106,-0.21436353,-0.16370738,-0.0968073,-0.012298766,0.07686944,0.14988914,0.20961791,0.25203404,0.2820546,0.2960974,0.30085465,0.30834612,0.3097903,0.31115055,0.34752268,0.36570337,0.37309754,0.39087227,0.41829813,0.40464154,0.38007927,0.32561067,0.25613007,0.17174211,0.088113025,0.005703256,-0.07765991,0.14003932,-0.08284328,0.24779415,0.029895395,0.70301384,-0.48048595,0.47724226,-0.46179217,-0.6469532
35,-0.43847853,-0.3630073,-0.38299295,-0.39699632,-0.58241314,-0.46290153,-0.4220606,-0.43892995,-0.44207507,-0.44848323,-0.51200676,-0.48084536,-0.4920067,-0.64131254,-0.5314919,-0.70865124,-0.5575157,-0.5429522,-0.51602453,-0.5011198,-0.29743892,-0.26978636,-0.028773658,0.063239954,0.10560956,0.09947474,0.073721886,0.003304173,-0.07034112,-0.1598684,-0.25317788,-0.28869176,-0.32499364,-0.35204488,-0.36268672,-0.36980975,-0.48227495,-0.41111562,-0.45089495,-0.4453161,-0.6559002,-0.5162262,-0.4646349,-0.4887747,-0.5001149,-0.5189481,-0.58106834,-0.5482472,-0.5695969,-0.71559715,-0.588654,-0.7541939,-0.5962071,-0.555077,-0.5058809,-0.509898,-0.31354922,-0.27797392,-0.0389412,0.05242663,0.092056125,0.09638044,0.07265644,0.005665907,-0.10085944,-0.19538291,-0.28296974,-0.30755496,-0.3445338,-0.36949447,-0.38280353,-0.3895849,-0.7102821,-0.6367024,-0.64768654,-0.62515235,-0.8318605,-0.71677214,-0.6631883,-0.6699226,-0.6784603,-0.7031568,-0.77043253,-0.7317819,-0.7310013,-0.8828026,-0.7595953,-0.91620374,-0.72220075,-0.65355784,-0.56596076,-0.5255043,-0.3532704,-0.3726258,-0.19730507,-0.16156091,-0.13366653,-0.10571032,-0.14833726,-0.20143817,-0.27166307,-0.35823795,-0.41810077,-0.46234155,-0.5110592,-0.5595098,-0.5939717,-0.6155842,-1.027411,-0.94975865,-0.95040584,-0.9458991,-1.1433738,-1.0133513,-0.9487467,-0.94347346,-0.94786155,-0.9485511,-0.9866725,-0.943847,-0.9455182,-1.0662184,-0.9191357,-1.0460948,-0.8502586,-0.7972331,-0.7438533,-0.7681191,-0.6791825,-0.7859285,-0.70391893,-0.7353777,-0.7537094,-0.75409055,-0.75289047,-0.7529661,-0.75692457,-0.7652938,-0.78786886,-0.86470807,-0.87505096,-0.91099066,-0.92988276,-0.93882143,-0.610805,-0.5335573,-0.543869,-0.54983664,-0.75030845,-0.6323727,-0.5781322,-0.5946647,-0.618963,-0.63878393,-0.69071525,-0.6552664,-0.65798813,-0.79243994,-0.6723622,-0.831759,-0.6802114,-0.65966934,-0.6192398,-0.60040426,-0.41952124,-0.41050804,-0.19761111,-0.05713058,0.012596194,0.011490405,-0.026261454,-0.06878676,-0.19015718,-0.27391884,-0.35313207,-0.40996504,-0.45333865,-0.48446685,-0.50529385,-0.5289098,-0.7090848,0.11102843,-0.22812095,-0.18094943,0.5761982,-0.2879946,-0.70303756,-0.4024212,-0.03938009
36,0.0647234,7.313838e-05,-0.05177319,-0.08223762,-0.07439696,-0.073989026,-0.07708719,-0.055767186,-0.007389609,0.057055555,0.113925986,0.19144444,0.28902698,0.38003445,0.4468044,0.4688879,0.4965806,0.51559854,0.5100178,0.507385,0.5298003,0.5212799,0.5209241,0.52997386,0.54374295,0.5544372,0.60160106,0.61326164,0.634315,0.6190267,0.55049795,0.49514443,0.4023798,0.29748666,0.20200033,0.11299017,0.082994565,0.016919108,-0.047165874,-0.0670874,-0.08047052,-0.060389303,-0.03819238,-0.017093126,0.040743813,0.09861487,0.16752996,0.25583807,0.34067684,0.40813792,0.4929159,0.5301589,0.5845897,0.6069964,0.60450697,0.5755554,0.573503,0.57696956,0.5953579,0.6107905,0.61693615,0.63567966,0.6691178,0.67003834,0.65531015,0.6340827,0.5727508,0.52677864,0.4360267,0.3532234,0.2546838,0.16583377,-0.05148558,-0.12961909,-0.19679496,-0.20917514,-0.21369013,-0.20104113,-0.170676,-0.12409742,-0.064966336,0.0021106577,0.091551274,0.20113319,0.29163188,0.36463547,0.4357008,0.48054552,0.51068854,0.5397886,0.54711914,0.5582533,0.55835146,0.55675787,0.5432844,0.53172845,0.5267464,0.5348692,0.52801645,0.527691,0.52752316,0.5007493,0.47133318,0.4048027,0.34155396,0.23002942,0.12480755,0.025159802,-0.7791246,-0.8088975,-0.8227018,-0.79984814,-0.7923207,-0.76307064,-0.724068,-0.6822889,-0.6505381,-0.614517,-0.58076,-0.570212,-0.6167975,-0.6300765,-0.5991725,-0.6078862,-0.60586804,-0.594934,-0.58118093,-0.5641205,-0.5403846,-0.5105591,-0.5020813,-0.5133476,-0.5376487,-0.563929,-0.6055485,-0.6576056,-0.7016883,-0.7260273,-0.73565227,-0.803622,-0.7765619,-0.8017588,-0.8108543,-0.8086185,0.014105506,-0.05834953,-0.1073319,-0.13636963,-0.1420168,-0.13168058,-0.10577635,-0.07040845,-0.023756629,0.04235737,0.13153452,0.22780468,0.3283688,0.42026863,0.48343837,0.5285932,0.5572495,0.5766537,0.5825747,0.57581174,0.5730915,0.5682377,0.5700971,0.59211016,0.6023245,0.6131984,0.6388871,0.66144997,0.6550041,0.6251023,0.56779975,0.49569067,0.4025369,0.30347663,0.19844043,0.092086315,0.14090317,-0.16164461,0.4522015,0.12223294,0.74543154,-0.21864279,0.5293643,-0.59918046,-0.80270714
37,0.29702312,0.23044372,0.16524436,0.12079979,0.12750812,0.13801886,0.1523161,0.20217825,0.27625442,0.35068482,0.39317793,0.4352628,0.47252214,0.48920473,0.47803587,0.4301727,0.39760524,0.3637197,0.31338918,0.27611002,0.273563,0.24905093,0.23759222,0.23636344,0.24099067,0.24718061,0.2873051,0.30951446,0.34838966,0.37125638,0.3694874,0.40254095,0.41069555,0.40449396,0.38674033,0.3404583,0.39379168,0.33071005,0.26880604,0.25573692,0.2583206,0.29155347,0.33993396,0.37160677,0.43766192,0.48866248,0.52327704,0.558244,0.5750009,0.56795645,0.5858909,0.5602186,0.5596818,0.5372282,0.50143933,0.45034304,0.43667924,0.43283957,0.4425817,0.4484544,0.4441669,0.44920218,0.4700101,0.473824,0.47451624,0.49284774,0.49753755,0.5315273,0.5308463,0.53651243,0.5124502,0.4693294,0.39735675,0.35285512,0.31486005,0.3227929,0.34411135,0.36563158,0.39757285,0.43912643,0.48167354,0.5184266,0.5607343,0.6086553,0.6306433,0.6438585,0.6584916,0.6622993,0.660769,0.671773,0.6708845,0.6807551,0.6815491,0.68091446,0.6673822,0.65768355,0.6515623,0.6518619,0.6415911,0.63646644,0.63966507,0.63374925,0.6475258,0.6187892,0.6189237,0.566577,0.51264626,0.45431945,-0.56958413,-0.58179235,-0.5548536,-0.44175383,-0.40924174,-0.36030242,-0.31288168,-0.29164147,-0.2883447,-0.30009654,-0.32805115,-0.36088547,-0.43890256,-0.44413504,-0.36945623,-0.35343516,-0.32927865,-0.2948582,-0.25869116,-0.22418003,-0.19180882,-0.15119006,-0.13891089,-0.1478077,-0.1676309,-0.19042763,-0.22967193,-0.28318793,-0.33075428,-0.35995382,-0.38650686,-0.57314366,-0.5514384,-0.63013816,-0.66495353,-0.65264136,0.37306884,0.31116214,0.26666802,0.24852589,0.2547992,0.28218248,0.3258287,0.37551194,0.42836437,0.48295346,0.5335547,0.571504,0.59786177,0.6123032,0.6004418,0.58116144,0.5556386,0.5310871,0.5034411,0.47319406,0.45465556,0.43612707,0.42351818,0.44293937,0.44970328,0.44980696,0.46512887,0.49257943,0.49785206,0.5109043,0.52099067,0.5294297,0.5299154,0.52293354,0.49423903,0.441852,0.5837762,-0.40585756,0.56955415,-0.61233217,0.38568014,-0.23104548,0.50351447,-0.59181523,0.40911147
38,0.5464954,0.48081568,0.42648387,0.39132738,0.39481995,0.39782807,0.4016699,0.4448436,0.51542044,0.58923763,0.62118614,0.65149665,0.6805014,0.6919682,0.6789164,0.6324799,0.6043296,0.5783521,0.53543323,0.5048352,0.50899094,0.48887587,0.48187727,0.4869727,0.49898776,0.5094201,0.558894,0.5820627,0.6236703,0.64926225,0.6486852,0.6798638,0.681894,0.6664902,0.6410154,0.59393144,0.613282,0.55758375,0.5010998,0.48813292,0.48766783,0.51243347,0.5596724,0.5854685,0.6496733,0.69574976,0.7251761,0.7521345,0.7634214,0.7490655,0.76661134,0.7408947,0.74564266,0.7272624,0.698233,0.6547172,0.6448329,0.64281356,0.65689474,0.66574574,0.66381854,0.67380685,0.70416856,0.7102639,0.7183083,0.7393846,0.74236184,0.7746907,0.7695526,0.77515584,0.7418211,0.69053686,0.52635825,0.46459866,0.4101819,0.40836987,0.42449558,0.44430813,0.47705486,0.52370447,0.5732238,0.61854386,0.6665884,0.72032464,0.7395808,0.7495478,0.76375395,0.76778656,0.7627304,0.7727042,0.769356,0.77762234,0.7759651,0.77496916,0.76078033,0.75135106,0.74441546,0.7432495,0.737421,0.73750335,0.74667424,0.7469169,0.76684463,0.7458556,0.7558543,0.7047648,0.65076506,0.58620024,-0.66249293,-0.68027127,-0.6738806,-0.59762365,-0.56562674,-0.5139274,-0.46413073,-0.4324581,-0.4194959,-0.42459524,-0.4432372,-0.46334022,-0.5278951,-0.5334925,-0.47376296,-0.4639677,-0.44522002,-0.4142689,-0.3814607,-0.35093078,-0.32109916,-0.2856441,-0.27744344,-0.29080033,-0.31624502,-0.3456985,-0.39050815,-0.44774118,-0.4975482,-0.52901506,-0.5537448,-0.68994904,-0.67194986,-0.72687584,-0.7483722,-0.73605347,0.60054874,0.53626186,0.49212697,0.4752237,0.47546107,0.49743962,0.5364975,0.5834724,0.63652176,0.689273,0.73575205,0.7674355,0.7859075,0.7939015,0.77865547,0.76012653,0.7374788,0.7197434,0.7007879,0.6773351,0.6656605,0.65595996,0.65491754,0.6682754,0.670251,0.67530954,0.70065886,0.72859967,0.7457664,0.7556608,0.7646442,0.7737597,0.7721431,0.7624236,0.72890276,0.67173284,0.40827313,-0.35854903,0.7568423,-0.6737725,0.67116886,-0.21891193,0.5127926,-0.58851755,0.41916943
39,-0.18615228,-0.22468242,-0.26647538,-0.29595897,-0.2934967,-0.3048103,-0.32626787,-0.33661497,-0.3302351,-0.32283518,-0.32791698,-0.3168904,-0.2879818,-0.25085428,-0.20013519,-0.15208687,-0.083286986,-0.018448982,0.02563613,0.0743488,0.14182255,0.17699674,0.21083084,0.2404601,0.26897106,0.29705188,0.35218608,0.3706396,0.37635773,0.32590428,0.21395445,0.1203986,0.015167368,-0.07290847,-0.13265164,-0.17788087,-0.1967613,-0.24306203,-0.30276683,-0.31734946,-0.34163308,-0.3370617,-0.3472384,-0.36332503,-0.3602802,-0.3610133,-0.35555068,-0.3282958,-0.29124594,-0.23532538,-0.14785732,-0.08082374,-0.0012297691,0.06483356,0.10165137,0.110235475,0.1496904,0.18984167,0.23404612,0.2717325,0.29970905,0.33639282,0.38632232,0.40570956,0.38569367,0.33575046,0.23306672,0.15105392,0.04294785,-0.03955207,-0.106518544,-0.15722682,-0.3983739,-0.44344434,-0.47991583,-0.48103824,-0.5006282,-0.516741,-0.52389383,-0.5198507,-0.5137705,-0.51519483,-0.49793327,-0.43754843,-0.35203296,-0.26818928,-0.17473434,-0.101491444,-0.030780794,0.025491862,0.053035527,0.07593107,0.08865323,0.09541032,0.09574933,0.09688132,0.11834258,0.1668548,0.18533342,0.20861305,0.20866795,0.16028,0.09905924,0.008661889,-0.08552683,-0.19909284,-0.29140905,-0.36245283,-0.879475,-0.8968143,-0.89966,-0.8907035,-0.89251137,-0.8876721,-0.88003993,-0.8643852,-0.8584596,-0.8456182,-0.811713,-0.7632103,-0.72685945,-0.66829634,-0.58729917,-0.574822,-0.57924396,-0.5914593,-0.6088409,-0.6216804,-0.62335086,-0.61602837,-0.6200158,-0.63252944,-0.6447179,-0.65596586,-0.6804409,-0.7130914,-0.7412503,-0.7520038,-0.755893,-0.8215445,-0.8118873,-0.8531906,-0.8783065,-0.89073145,-0.30640364,-0.34944302,-0.38435704,-0.41054145,-0.42578742,-0.43921247,-0.44586083,-0.45274645,-0.46273068,-0.46278688,-0.44218683,-0.4055935,-0.3445021,-0.26762643,-0.19060463,-0.11599268,-0.051819995,0.0017323986,0.037200794,0.06471663,0.092716746,0.11150644,0.12831531,0.19424228,0.24212782,0.27576476,0.31857726,0.3628977,0.3407873,0.28728732,0.18984915,0.078987256,-0.03439837,-0.13067937,-0.20790209,-0.27677307,-0.08425568,-0.111816704,0.073163405,0.14032146,0.64778316,-0.7273887,0.6409628,-0.23598412,-0.72822547
